pr_id,pr_author,reviewed_by,review_state,review_text,reviewed_at
7695,thecaptain789,sfc-gh-joshi,APPROVED,"Thanks!

CI failures look unrelated, I'll override them and merge.",2026-02-10T20:52:03Z
7688,sfc-gh-mvashishtha,sfc-gh-joshi,APPROVED,,2025-10-02T17:26:34Z
7687,sfc-gh-jkew,sfc-gh-mvashishtha,COMMENTED,We should use `==` for string comparisons.,2025-10-01T06:27:07Z
7687,sfc-gh-jkew,sfc-gh-mvashishtha,APPROVED,,2025-10-01T17:16:29Z
7685,sfc-gh-jkew,sfc-gh-mvashishtha,COMMENTED,,2025-10-01T06:53:10Z
7685,sfc-gh-jkew,sfc-gh-jkew,COMMENTED,,2025-10-01T06:56:45Z
7685,sfc-gh-jkew,sfc-gh-mvashishtha,APPROVED,,2025-10-01T07:05:32Z
7682,sfc-gh-joshi,sfc-gh-jkew,APPROVED,,2025-09-30T17:58:00Z
7680,sfc-gh-jkew,sfc-gh-mvashishtha,APPROVED,,2025-09-26T15:45:05Z
7679,sfc-gh-joshi,github-advanced-security[bot],COMMENTED,,2025-09-25T22:41:51Z
7679,sfc-gh-joshi,sfc-gh-mvashishtha,COMMENTED,"I have some minor comments. Also, I have some questions:

1) Have you run any benchmarks with this change? Does it solve the pathological merge case that motivated it?
1) It possible or likely that we switch to an unexpected and/or suboptimal backend during multi-dataset operations? e.g. say we switch to ray for a snowflake-pandas merge? Is there a good way to test for whether this happens in practice?",2025-09-26T15:43:58Z
7679,sfc-gh-joshi,sfc-gh-joshi,COMMENTED,,2025-09-26T16:44:34Z
7679,sfc-gh-joshi,sfc-gh-joshi,COMMENTED,,2025-09-26T16:48:44Z
7679,sfc-gh-joshi,sfc-gh-joshi,COMMENTED,,2025-09-26T16:49:06Z
7679,sfc-gh-joshi,sfc-gh-joshi,COMMENTED,,2025-09-26T16:49:18Z
7679,sfc-gh-joshi,sfc-gh-jkew,COMMENTED,,2025-09-26T20:24:12Z
7679,sfc-gh-joshi,sfc-gh-joshi,COMMENTED,,2025-09-26T20:33:02Z
7679,sfc-gh-joshi,sfc-gh-jkew,COMMENTED,,2025-09-26T20:34:46Z
7679,sfc-gh-joshi,sfc-gh-joshi,COMMENTED,,2025-09-26T20:39:50Z
7679,sfc-gh-joshi,sfc-gh-mvashishtha,COMMENTED,,2025-09-26T22:27:40Z
7679,sfc-gh-joshi,sfc-gh-joshi,COMMENTED,,2025-09-26T22:42:01Z
7679,sfc-gh-joshi,sfc-gh-mvashishtha,APPROVED,,2025-09-27T17:37:24Z
7679,sfc-gh-joshi,sfc-gh-jkew,COMMENTED,,2025-09-29T18:57:22Z
7679,sfc-gh-joshi,sfc-gh-jkew,COMMENTED,,2025-09-29T19:00:01Z
7679,sfc-gh-joshi,sfc-gh-joshi,COMMENTED,,2025-09-29T20:20:10Z
7674,sfc-gh-dpetersohn,sfc-gh-joshi,COMMENTED,,2025-09-19T17:01:52Z
7674,sfc-gh-dpetersohn,sfc-gh-dpetersohn,COMMENTED,,2025-09-19T17:12:49Z
7674,sfc-gh-dpetersohn,sfc-gh-joshi,APPROVED,,2025-09-19T17:16:12Z
7673,sfc-gh-dpetersohn,github-advanced-security[bot],COMMENTED,,2025-09-19T14:44:03Z
7673,sfc-gh-dpetersohn,sfc-gh-joshi,APPROVED,,2025-09-19T16:37:44Z
7672,sfc-gh-joshi,sfc-gh-jkew,APPROVED,,2025-09-18T21:23:34Z
7672,sfc-gh-joshi,sfc-gh-mvashishtha,APPROVED,,2025-09-18T21:28:33Z
7670,sfc-gh-mvashishtha,sfc-gh-joshi,APPROVED,,2025-09-16T20:24:20Z
7666,sfc-gh-jkew,sfc-gh-mvashishtha,COMMENTED,,2025-09-23T07:33:59Z
7666,sfc-gh-jkew,sfc-gh-jkew,COMMENTED,,2025-09-24T19:27:01Z
7666,sfc-gh-jkew,sfc-gh-joshi,COMMENTED,,2025-09-24T21:55:37Z
7666,sfc-gh-jkew,sfc-gh-joshi,COMMENTED,,2025-09-24T21:57:08Z
7666,sfc-gh-jkew,sfc-gh-mvashishtha,COMMENTED,,2025-09-24T22:22:49Z
7666,sfc-gh-jkew,sfc-gh-jkew,COMMENTED,,2025-09-25T20:15:54Z
7666,sfc-gh-jkew,sfc-gh-joshi,COMMENTED,,2025-09-25T20:56:23Z
7666,sfc-gh-jkew,sfc-gh-joshi,COMMENTED,"A few more minor nits, LGTM after they're addressed.",2025-09-25T21:03:26Z
7666,sfc-gh-jkew,sfc-gh-mvashishtha,COMMENTED,,2025-09-25T21:37:17Z
7666,sfc-gh-jkew,sfc-gh-jkew,COMMENTED,,2025-09-25T22:11:32Z
7666,sfc-gh-jkew,sfc-gh-jkew,COMMENTED,,2025-09-25T22:15:38Z
7666,sfc-gh-jkew,sfc-gh-joshi,COMMENTED,,2025-09-25T22:34:53Z
7666,sfc-gh-jkew,sfc-gh-mvashishtha,APPROVED,,2025-09-26T00:07:49Z
7666,sfc-gh-jkew,sfc-gh-jkew,COMMENTED,,2025-09-26T02:38:34Z
7665,sfc-gh-joshi,sfc-gh-mvashishtha,APPROVED,,2025-09-10T19:50:22Z
7663,sfc-gh-mvashishtha,sfc-gh-jkew,APPROVED,,2025-09-09T23:44:55Z
7662,sfc-gh-mvashishtha,sfc-gh-joshi,APPROVED,,2025-09-09T23:33:45Z
7660,sfc-gh-mvashishtha,sfc-gh-joshi,APPROVED,,2025-09-09T23:33:12Z
7658,sfc-gh-mvashishtha,github-advanced-security[bot],COMMENTED,CodeQL found more than 20 potential problems in the proposed changes. Check the [Files changed](/modin-project/modin/pull/7658/files) tab for more details.,2025-09-03T00:37:48Z
7658,sfc-gh-mvashishtha,github-advanced-security[bot],COMMENTED,,2025-09-03T22:02:27Z
7658,sfc-gh-mvashishtha,sfc-gh-joshi,COMMENTED,"One question regarding the license for forked code. Also, how much of the pandas code did you need to change besides pointing import paths to modin equivalents of pandas modules? If it was very little then we may want to make clearer from folder naming that this is essentially vendored pandas code.",2025-09-03T22:37:58Z
7658,sfc-gh-mvashishtha,sfc-gh-mvashishtha,COMMENTED,"> Also, how much of the pandas code did you need to change besides pointing import paths to modin equivalents of pandas modules? If it was very little then we may want to make clearer from folder naming that this is essentially vendored pandas code.

@sfc-gh-joshi I did make very few changes, but I don't think it's that important to point out with the directory structure that some code has been vendored from pandas. If we were to vendor an entire package I think it would make sense to put it in a new `vendored` directory. We are also putting some modified code in dataframe.py and other modified code in modin/core/computation/.",2025-09-04T21:02:40Z
7658,sfc-gh-mvashishtha,sfc-gh-joshi,APPROVED,,2025-09-04T21:23:37Z
7658,sfc-gh-mvashishtha,sfc-gh-dpetersohn,COMMENTED,,2025-09-05T14:49:05Z
7654,sfc-gh-joshi,sfc-gh-jkew,APPROVED,Makes sense to me,2025-08-27T20:18:42Z
7650,sfc-gh-joshi,sfc-gh-mvashishtha,APPROVED,,2025-08-14T18:43:54Z
7649,sfc-gh-joshi,sfc-gh-mvashishtha,COMMENTED,I think we only edit badges for patch versions.,2025-08-14T18:30:48Z
7648,sfc-gh-jkew,sfc-gh-joshi,COMMENTED,,2025-08-08T17:33:38Z
7648,sfc-gh-jkew,sfc-gh-jkew,COMMENTED,,2025-08-08T18:45:20Z
7648,sfc-gh-jkew,sfc-gh-jkew,COMMENTED,,2025-08-08T19:03:26Z
7648,sfc-gh-jkew,sfc-gh-joshi,COMMENTED,,2025-08-08T19:15:00Z
7648,sfc-gh-jkew,sfc-gh-jkew,COMMENTED,,2025-08-08T19:47:55Z
7648,sfc-gh-jkew,sfc-gh-joshi,COMMENTED,,2025-08-08T20:15:14Z
7648,sfc-gh-jkew,sfc-gh-jkew,COMMENTED,,2025-08-08T20:41:31Z
7648,sfc-gh-jkew,sfc-gh-jkew,COMMENTED,,2025-08-08T20:46:15Z
7648,sfc-gh-jkew,sfc-gh-jkew,COMMENTED,,2025-08-08T20:51:43Z
7648,sfc-gh-jkew,sfc-gh-jkew,COMMENTED,,2025-08-08T20:53:21Z
7648,sfc-gh-jkew,sfc-gh-joshi,COMMENTED,,2025-08-08T21:36:23Z
7648,sfc-gh-jkew,sfc-gh-jkew,COMMENTED,,2025-08-08T23:04:52Z
7648,sfc-gh-jkew,sfc-gh-dolee,COMMENTED,,2025-08-08T23:26:23Z
7648,sfc-gh-jkew,sfc-gh-joshi,APPROVED,,2025-08-11T19:04:59Z
7646,sfc-gh-mvashishtha,sfc-gh-jkew,APPROVED,,2025-08-08T16:42:29Z
7646,sfc-gh-mvashishtha,sfc-gh-joshi,APPROVED,,2025-08-08T16:45:16Z
7644,sfc-gh-joshi,sfc-gh-jkew,APPROVED,,2025-08-06T21:01:54Z
7644,sfc-gh-joshi,sfc-gh-jkew,APPROVED,,2025-08-06T23:08:38Z
7641,sfc-gh-mvashishtha,sfc-gh-jkew,APPROVED,,2025-08-04T20:12:42Z
7639,sfc-gh-joshi,github-advanced-security[bot],COMMENTED,,2025-08-01T22:50:43Z
7639,sfc-gh-joshi,sfc-gh-mvashishtha,APPROVED,one optional comment,2025-08-01T23:02:22Z
7639,sfc-gh-joshi,github-advanced-security[bot],COMMENTED,,2025-08-05T18:30:51Z
7639,sfc-gh-joshi,github-advanced-security[bot],COMMENTED,,2025-08-06T17:52:21Z
7637,sfc-gh-mvashishtha,sfc-gh-mvashishtha,COMMENTED,,2025-07-31T21:56:19Z
7637,sfc-gh-mvashishtha,sfc-gh-joshi,APPROVED,,2025-07-31T22:00:48Z
7635,sfc-gh-joshi,sfc-gh-mvashishtha,COMMENTED,,2025-07-31T18:01:33Z
7635,sfc-gh-joshi,sfc-gh-joshi,COMMENTED,,2025-07-31T18:05:23Z
7635,sfc-gh-joshi,sfc-gh-mvashishtha,APPROVED,,2025-07-31T20:07:07Z
7634,sfc-gh-joshi,github-advanced-security[bot],COMMENTED,,2025-07-28T18:45:22Z
7634,sfc-gh-joshi,github-advanced-security[bot],COMMENTED,,2025-07-30T00:06:34Z
7634,sfc-gh-joshi,sfc-gh-jkew,APPROVED,,2025-07-31T19:49:58Z
7634,sfc-gh-joshi,sfc-gh-mvashishtha,COMMENTED,,2025-07-31T20:06:24Z
7634,sfc-gh-joshi,sfc-gh-joshi,COMMENTED,,2025-07-31T20:45:19Z
7634,sfc-gh-joshi,sfc-gh-mvashishtha,APPROVED,,2025-07-31T21:18:26Z
7630,sfc-gh-joshi,sfc-gh-mvashishtha,APPROVED,,2025-07-22T19:43:57Z
7628,sfc-gh-vrpatel,sfc-gh-joshi,CHANGES_REQUESTED,"Mostly LGTM, just some minor style things. @sfc-gh-mvashishtha @sfc-gh-jkew you should also take a look if you have the time.",2025-07-18T19:36:17Z
7628,sfc-gh-vrpatel,sfc-gh-jkew,COMMENTED,,2025-07-18T23:24:42Z
7628,sfc-gh-vrpatel,sfc-gh-mvashishtha,COMMENTED,Thanks @sfc-gh-vrpatel! I have a few comments.,2025-07-19T00:06:44Z
7628,sfc-gh-vrpatel,sfc-gh-mvashishtha,COMMENTED,Thanks @sfc-gh-vrpatel! I have a few comments.,2025-07-19T00:06:46Z
7628,sfc-gh-vrpatel,sfc-gh-vrpatel,COMMENTED,,2025-07-19T00:16:57Z
7628,sfc-gh-vrpatel,sfc-gh-vrpatel,COMMENTED,,2025-07-19T00:23:25Z
7628,sfc-gh-vrpatel,sfc-gh-vrpatel,COMMENTED,,2025-07-19T00:39:14Z
7628,sfc-gh-vrpatel,sfc-gh-vrpatel,COMMENTED,,2025-07-19T00:49:18Z
7628,sfc-gh-vrpatel,sfc-gh-mvashishtha,COMMENTED,,2025-07-21T21:24:09Z
7628,sfc-gh-vrpatel,sfc-gh-joshi,COMMENTED,,2025-07-22T23:33:35Z
7628,sfc-gh-vrpatel,sfc-gh-vrpatel,COMMENTED,,2025-07-22T23:56:32Z
7628,sfc-gh-vrpatel,sfc-gh-joshi,COMMENTED,,2025-07-23T22:33:16Z
7628,sfc-gh-vrpatel,sfc-gh-joshi,APPROVED,"One minor comment re: progress bar, otherwise LGTM!",2025-07-23T22:33:51Z
7628,sfc-gh-vrpatel,sfc-gh-mvashishtha,APPROVED,"Thanks for responding to my comments, @sfc-gh-vrpatel !",2025-07-25T16:24:29Z
7628,sfc-gh-vrpatel,sfc-gh-joshi,APPROVED,,2025-07-25T18:33:26Z
7626,sfc-gh-mvashishtha,sfc-gh-jkew,APPROVED,,2025-07-09T19:27:46Z
7625,sfc-gh-mvashishtha,sfc-gh-jkew,APPROVED,assuming this is just a git tag,2025-07-04T04:51:35Z
7625,sfc-gh-mvashishtha,devin-petersohn,APPROVED,"@sfc-gh-jkew historically, we have done an empty commit and a git tag. ",2025-07-07T13:25:10Z
7623,sfc-gh-mvashishtha,sfc-gh-joshi,COMMENTED,,2025-07-03T17:33:57Z
7623,sfc-gh-mvashishtha,sfc-gh-mvashishtha,COMMENTED,,2025-07-03T21:42:28Z
7623,sfc-gh-mvashishtha,sfc-gh-joshi,COMMENTED,,2025-07-03T21:53:41Z
7623,sfc-gh-mvashishtha,sfc-gh-mvashishtha,COMMENTED,,2025-07-03T22:10:48Z
7623,sfc-gh-mvashishtha,sfc-gh-joshi,APPROVED,,2025-07-08T02:57:48Z
7621,sfc-gh-mvashishtha,sfc-gh-joshi,APPROVED,,2025-07-03T17:26:20Z
7619,sfc-gh-mvashishtha,github-advanced-security[bot],COMMENTED,,2025-07-03T06:43:57Z
7619,sfc-gh-mvashishtha,sfc-gh-joshi,COMMENTED,,2025-07-03T17:49:17Z
7619,sfc-gh-mvashishtha,sfc-gh-mvashishtha,COMMENTED,,2025-07-03T21:55:18Z
7619,sfc-gh-mvashishtha,sfc-gh-joshi,APPROVED,,2025-07-03T22:00:24Z
7617,sfc-gh-joshi,sfc-gh-mvashishtha,APPROVED,,2025-06-28T00:09:11Z
7617,sfc-gh-joshi,sfc-gh-jkew,COMMENTED,,2025-06-28T00:16:06Z
7617,sfc-gh-joshi,sfc-gh-joshi,COMMENTED,,2025-06-28T03:10:09Z
7614,sfc-gh-mvashishtha,sfc-gh-jkew,APPROVED,,2025-06-27T20:07:28Z
7612,sfc-gh-mvashishtha,sfc-gh-joshi,APPROVED,,2025-06-25T22:33:20Z
7610,sfc-gh-mvashishtha,sfc-gh-joshi,APPROVED,,2025-06-18T23:21:55Z
7609,sfc-gh-mvashishtha,sfc-gh-joshi,APPROVED,,2025-06-18T22:49:51Z
7608,sfc-gh-mvashishtha,sfc-gh-joshi,APPROVED,"LGTM, just one high-level question I want to make sure of: do we want a groupby object's pin status to be permanently separate from that of its parent object, as it is in this PR?

```
df = pd.DataFrame(...).pin_backend()
groupby = df.groupby(...)  # should be pinned
df.unpin_backend(inplace=True)  # should not affect the pin status of the groupby object
```",2025-06-18T18:47:19Z
7605,sfc-gh-jkew,github-advanced-security[bot],COMMENTED,,2025-06-09T20:50:17Z
7605,sfc-gh-jkew,sfc-gh-mvashishtha,APPROVED,,2025-06-10T18:35:54Z
7603,sfc-gh-mvashishtha,sfc-gh-joshi,APPROVED,,2025-06-04T18:36:18Z
7601,sfc-gh-mvashishtha,sfc-gh-joshi,COMMENTED,,2025-06-04T22:27:58Z
7601,sfc-gh-mvashishtha,sfc-gh-mvashishtha,COMMENTED,,2025-06-16T05:05:12Z
7601,sfc-gh-mvashishtha,sfc-gh-joshi,APPROVED,,2025-06-16T19:30:34Z
7599,sfc-gh-mvashishtha,sfc-gh-joshi,APPROVED,,2025-05-31T02:16:07Z
7597,sfc-gh-mvashishtha,sfc-gh-jkew,APPROVED,,2025-05-30T20:29:32Z
7597,sfc-gh-mvashishtha,sfc-gh-joshi,APPROVED,Should we use a different logging namespace for cost calculation/switching behavior? Otherwise LGTM.,2025-05-30T20:31:30Z
7596,sfc-gh-joshi,sfc-gh-mvashishtha,APPROVED,,2025-05-30T17:01:55Z
7593,sfc-gh-mvashishtha,sfc-gh-joshi,APPROVED,,2025-05-28T19:30:37Z
7593,sfc-gh-mvashishtha,sfc-gh-jkew,APPROVED,,2025-05-28T19:54:22Z
7588,sfc-gh-mvashishtha,sfc-gh-joshi,APPROVED,,2025-05-27T18:59:33Z
7585,sfc-gh-vrpatel,sfc-gh-joshi,CHANGES_REQUESTED,,2025-05-27T20:56:50Z
7585,sfc-gh-vrpatel,sfc-gh-joshi,CHANGES_REQUESTED,,2025-05-28T23:20:46Z
7585,sfc-gh-vrpatel,sfc-gh-joshi,CHANGES_REQUESTED,"One minor test style thing.

Take a look at the auto-generated codecov warnings as well: it looks like there might be some parameter combinations not being covered by your tests. They might be false positives (if you set a breakpoint in one of the branches and it gets hit, then it probably is), but double check just to make sure",2025-05-30T20:42:48Z
7585,sfc-gh-vrpatel,sfc-gh-joshi,CHANGES_REQUESTED,,2025-06-03T18:27:55Z
7585,sfc-gh-vrpatel,sfc-gh-joshi,COMMENTED,,2025-06-05T18:40:22Z
7585,sfc-gh-vrpatel,sfc-gh-vrpatel,COMMENTED,,2025-06-05T22:48:39Z
7585,sfc-gh-vrpatel,sfc-gh-joshi,APPROVED,"Changes LGTM, but it looks like CI for the Python engine is failing (https://github.com/modin-project/modin/actions/runs/15478865456/job/43580614471?pr=7585). You might need to expand the conditions for the xfail even more.",2025-06-06T18:32:27Z
7584,sfc-gh-mvashishtha,sfc-gh-joshi,APPROVED,"Should the linked issue be #7582 instead, and do we have tests that explicitly call `np.array` on a series? Otherwise LGTM.",2025-05-24T01:45:46Z
7581,sfc-gh-mvashishtha,sfc-gh-joshi,APPROVED,,2025-05-23T18:39:08Z
7579,sfc-gh-joshi,sfc-gh-mvashishtha,CHANGES_REQUESTED,Thanks for the fix. I am requesting one small change.,2025-05-22T19:32:16Z
7579,sfc-gh-joshi,sfc-gh-joshi,COMMENTED,,2025-05-22T21:37:15Z
7579,sfc-gh-joshi,sfc-gh-mvashishtha,APPROVED,,2025-05-22T23:46:01Z
7577,sfc-gh-joshi,sfc-gh-mvashishtha,APPROVED,,2025-05-20T22:18:38Z
7575,sfc-gh-mvashishtha,github-advanced-security[bot],COMMENTED,,2025-05-16T23:59:30Z
7575,sfc-gh-mvashishtha,github-advanced-security[bot],COMMENTED,,2025-05-19T20:20:54Z
7575,sfc-gh-mvashishtha,sfc-gh-joshi,CHANGES_REQUESTED,,2025-05-19T23:21:07Z
7575,sfc-gh-mvashishtha,sfc-gh-mvashishtha,COMMENTED,,2025-05-19T23:58:57Z
7575,sfc-gh-mvashishtha,sfc-gh-joshi,APPROVED,"LGTM, assuming tests pass. CodeQL alerts look like false positives, but you should double check.",2025-05-20T00:04:55Z
7574,sfc-gh-joshi,github-advanced-security[bot],COMMENTED,,2025-05-16T18:11:21Z
7574,sfc-gh-joshi,sfc-gh-mvashishtha,COMMENTED,,2025-05-16T21:12:02Z
7574,sfc-gh-joshi,sfc-gh-joshi,COMMENTED,,2025-05-16T21:22:13Z
7574,sfc-gh-joshi,sfc-gh-joshi,COMMENTED,,2025-05-16T21:34:24Z
7574,sfc-gh-joshi,sfc-gh-mvashishtha,APPROVED,,2025-05-19T21:26:59Z
7572,sfc-gh-joshi,sfc-gh-mvashishtha,APPROVED,,2025-05-15T21:16:46Z
7570,mpeleshenko,sfc-gh-joshi,APPROVED,"Thanks for the PR. CI failure looks unrelated, I'll investigate.",2025-05-15T19:19:16Z
7567,sfc-gh-joshi,sfc-gh-mvashishtha,APPROVED,,2025-05-14T01:42:57Z
7565,sfc-gh-mvashishtha,sfc-gh-joshi,APPROVED,,2025-05-08T19:25:00Z
7563,sfc-gh-mvashishtha,sfc-gh-joshi,APPROVED,,2025-05-08T19:24:42Z
7563,sfc-gh-mvashishtha,sfc-gh-mvashishtha,COMMENTED,,2025-05-08T19:34:38Z
7561,sfc-gh-jkew,sfc-gh-joshi,COMMENTED,,2025-05-06T22:32:35Z
7561,sfc-gh-jkew,sfc-gh-jkew,COMMENTED,,2025-05-06T23:59:13Z
7561,sfc-gh-jkew,sfc-gh-joshi,COMMENTED,,2025-05-07T19:32:50Z
7561,sfc-gh-jkew,sfc-gh-jkew,COMMENTED,,2025-05-07T22:41:26Z
7561,sfc-gh-jkew,sfc-gh-joshi,COMMENTED,,2025-05-07T22:45:57Z
7561,sfc-gh-jkew,sfc-gh-joshi,APPROVED,,2025-05-07T22:46:15Z
7561,sfc-gh-jkew,sfc-gh-jkew,COMMENTED,,2025-05-08T03:38:29Z
7560,sfc-gh-mvashishtha,sfc-gh-jkew,APPROVED,,2025-05-05T17:24:52Z
7558,sfc-gh-joshi,github-advanced-security[bot],COMMENTED,,2025-05-02T20:17:26Z
7558,sfc-gh-joshi,sfc-gh-jkew,APPROVED,"It's easy to get pretty bike-sheddy on this type of change. Take my suggestion or leave it, but this may be a matter of taste that we just have to use for a bit to understand whether we like longer or shorter strings, etc.",2025-05-06T22:20:42Z
7558,sfc-gh-joshi,sfc-gh-joshi,COMMENTED,,2025-05-06T22:24:49Z
7558,sfc-gh-joshi,sfc-gh-mvashishtha,COMMENTED,I have 1 optional nit,2025-05-06T23:16:27Z
7558,sfc-gh-joshi,sfc-gh-mvashishtha,APPROVED,,2025-05-06T23:21:53Z
7556,sfc-gh-mvashishtha,sfc-gh-joshi,APPROVED,,2025-05-02T19:26:52Z
7554,sfc-gh-mvashishtha,sfc-gh-joshi,COMMENTED,,2025-05-02T19:29:13Z
7554,sfc-gh-mvashishtha,sfc-gh-mvashishtha,COMMENTED,,2025-05-02T19:43:39Z
7554,sfc-gh-mvashishtha,sfc-gh-joshi,APPROVED,Do we need to add assertions on the pin status of the output of a groupby? Otherwise LGTM.,2025-05-02T19:51:22Z
7550,sfc-gh-jkew,github-advanced-security[bot],COMMENTED,,2025-05-01T20:45:20Z
7550,sfc-gh-jkew,devin-petersohn,COMMENTED,,2025-05-01T20:52:18Z
7550,sfc-gh-jkew,sfc-gh-jkew,COMMENTED,,2025-05-01T20:55:43Z
7550,sfc-gh-jkew,sfc-gh-joshi,COMMENTED,,2025-05-01T20:58:37Z
7550,sfc-gh-jkew,sfc-gh-dpetersohn,COMMENTED,,2025-05-01T21:00:10Z
7550,sfc-gh-jkew,sfc-gh-jkew,COMMENTED,,2025-05-01T21:01:28Z
7550,sfc-gh-jkew,sfc-gh-jkew,COMMENTED,,2025-05-01T21:03:38Z
7550,sfc-gh-jkew,sfc-gh-jkew,COMMENTED,,2025-05-01T22:06:42Z
7550,sfc-gh-jkew,sfc-gh-jkew,COMMENTED,,2025-05-02T00:24:44Z
7550,sfc-gh-jkew,sfc-gh-jkew,COMMENTED,,2025-05-02T00:36:44Z
7550,sfc-gh-jkew,sfc-gh-jkew,COMMENTED,,2025-05-09T22:10:08Z
7550,sfc-gh-jkew,sfc-gh-joshi,COMMENTED,,2025-05-13T17:40:40Z
7550,sfc-gh-jkew,sfc-gh-mvashishtha,COMMENTED,I have one question about testing.,2025-05-22T19:41:00Z
7550,sfc-gh-jkew,sfc-gh-joshi,COMMENTED,,2025-05-22T20:33:15Z
7550,sfc-gh-jkew,sfc-gh-mvashishtha,APPROVED,,2025-05-22T23:45:58Z
7548,sfc-gh-jkew,sfc-gh-mvashishtha,APPROVED,,2025-05-01T17:38:19Z
7546,sfc-gh-joshi,sfc-gh-jkew,APPROVED,,2025-05-01T04:01:10Z
7545,sfc-gh-mvashishtha,github-advanced-security[bot],COMMENTED,,2025-04-30T23:09:17Z
7545,sfc-gh-mvashishtha,sfc-gh-jkew,COMMENTED,,2025-05-01T23:35:12Z
7545,sfc-gh-mvashishtha,sfc-gh-mvashishtha,COMMENTED,,2025-05-01T23:41:28Z
7545,sfc-gh-mvashishtha,sfc-gh-mvashishtha,COMMENTED,,2025-05-01T23:59:34Z
7545,sfc-gh-mvashishtha,sfc-gh-mvashishtha,COMMENTED,,2025-05-01T23:59:36Z
7545,sfc-gh-mvashishtha,sfc-gh-jkew,APPROVED,,2025-05-02T00:07:23Z
7541,sfc-gh-jkew,github-advanced-security[bot],COMMENTED,,2025-04-30T20:46:49Z
7541,sfc-gh-jkew,sfc-gh-joshi,COMMENTED,,2025-04-30T22:35:50Z
7541,sfc-gh-jkew,sfc-gh-jkew,COMMENTED,,2025-05-01T04:05:03Z
7541,sfc-gh-jkew,sfc-gh-jkew,COMMENTED,,2025-05-01T04:06:09Z
7539,sfc-gh-jkew,sfc-gh-joshi,COMMENTED,Can you add a test for this? We should do something like `test_set_valid_backend` https://github.com/modin-project/modin/blob/be2af47a505888a539cfdd7e399ad6d146a0e833/modin/tests/pandas/test_backend.py#L114 and mock `tqdm` to ensure it's not being called.,2025-04-29T20:36:58Z
7539,sfc-gh-jkew,sfc-gh-joshi,COMMENTED,,2025-04-29T20:41:11Z
7539,sfc-gh-jkew,sfc-gh-joshi,APPROVED,,2025-04-30T17:03:48Z
7537,sfc-gh-jkew,sfc-gh-mvashishtha,COMMENTED,I thought setuptools had released new versions to address https://github.com/pypa/setuptools/issues/4910. Do you understand why our tests still use 79.0.1?  I just reran this one: https://github.com/modin-project/modin/actions/runs/14713667755/job/41364817845,2025-04-29T17:00:36Z
7537,sfc-gh-jkew,sfc-gh-mvashishtha,APPROVED,,2025-04-29T17:00:52Z
7537,sfc-gh-jkew,sfc-gh-joshi,APPROVED,"It looks like older successful CI runs were installing `setuptools==75.8.2`: https://github.com/modin-project/modin/actions/runs/14674450551/job/41188048438

It's a little weird that the version that CI was pulling jumped so abruptly.",2025-04-29T17:02:52Z
7537,sfc-gh-jkew,devin-petersohn,APPROVED,,2025-04-29T17:34:37Z
7537,sfc-gh-jkew,devin-petersohn,APPROVED,,2025-04-29T17:35:14Z
7537,sfc-gh-jkew,sfc-gh-joshi,COMMENTED,,2025-04-29T21:08:00Z
7537,sfc-gh-jkew,sfc-gh-mvashishtha,APPROVED,,2025-04-29T21:09:54Z
7537,sfc-gh-jkew,sfc-gh-mvashishtha,APPROVED,,2025-04-29T21:52:49Z
7535,sfc-gh-jkew,sfc-gh-mvashishtha,APPROVED,,2025-04-30T18:55:44Z
7533,emmanuel-ferdman,devin-petersohn,APPROVED,Good catch! LGTM!,2025-04-28T17:19:19Z
7533,emmanuel-ferdman,sfc-gh-jkew,APPROVED,,2025-04-28T19:14:09Z
7531,sfc-gh-mvashishtha,github-advanced-security[bot],COMMENTED,,2025-04-25T22:18:14Z
7531,sfc-gh-mvashishtha,sfc-gh-jkew,APPROVED,,2025-04-28T16:49:18Z
7530,sfc-gh-mvashishtha,sfc-gh-jkew,APPROVED,"LGTM, most of the review covered through pair programming",2025-04-25T21:04:14Z
7529,sfc-gh-joshi,sfc-gh-mvashishtha,COMMENTED,,2025-04-28T22:58:38Z
7529,sfc-gh-joshi,sfc-gh-joshi,COMMENTED,,2025-04-28T23:44:53Z
7529,sfc-gh-joshi,sfc-gh-mvashishtha,APPROVED,,2025-04-29T17:26:37Z
7526,sfc-gh-mvashishtha,github-advanced-security[bot],COMMENTED,,2025-04-24T21:30:42Z
7524,sfc-gh-jkew,github-advanced-security[bot],COMMENTED,,2025-04-23T20:00:13Z
7524,sfc-gh-jkew,sfc-gh-mvashishtha,APPROVED,Mostly LGTM; I have some nits.,2025-04-23T23:27:02Z
7522,sfc-gh-joshi,github-advanced-security[bot],COMMENTED,,2025-04-22T21:55:53Z
7522,sfc-gh-joshi,sfc-gh-mvashishtha,COMMENTED,some minor comments,2025-04-23T18:03:26Z
7522,sfc-gh-joshi,sfc-gh-joshi,COMMENTED,,2025-04-23T22:26:49Z
7522,sfc-gh-joshi,sfc-gh-joshi,COMMENTED,,2025-04-23T22:28:00Z
7522,sfc-gh-joshi,sfc-gh-mvashishtha,COMMENTED,,2025-04-23T23:00:07Z
7522,sfc-gh-joshi,sfc-gh-mvashishtha,COMMENTED,,2025-04-23T23:01:38Z
7522,sfc-gh-joshi,sfc-gh-mvashishtha,COMMENTED,,2025-04-23T23:04:30Z
7522,sfc-gh-joshi,sfc-gh-jkew,COMMENTED,,2025-04-23T23:34:54Z
7522,sfc-gh-joshi,sfc-gh-joshi,COMMENTED,,2025-04-24T00:06:17Z
7522,sfc-gh-joshi,sfc-gh-joshi,COMMENTED,,2025-04-24T00:06:53Z
7522,sfc-gh-joshi,sfc-gh-joshi,COMMENTED,,2025-04-24T21:28:45Z
7522,sfc-gh-joshi,sfc-gh-joshi,COMMENTED,,2025-04-24T21:29:38Z
7522,sfc-gh-joshi,sfc-gh-joshi,COMMENTED,,2025-04-25T18:46:19Z
7522,sfc-gh-joshi,sfc-gh-jkew,APPROVED,,2025-04-28T18:57:50Z
7522,sfc-gh-joshi,sfc-gh-mvashishtha,APPROVED,Nice work!,2025-04-28T22:06:15Z
7522,sfc-gh-joshi,sfc-gh-mvashishtha,APPROVED,,2025-04-29T23:00:46Z
7517,sfc-gh-mvashishtha,sfc-gh-jkew,COMMENTED,,2025-04-17T20:48:57Z
7517,sfc-gh-mvashishtha,github-advanced-security[bot],COMMENTED,,2025-04-18T06:08:47Z
7517,sfc-gh-mvashishtha,github-advanced-security[bot],COMMENTED,,2025-04-18T07:18:02Z
7515,sfc-gh-mvashishtha,sfc-gh-mvashishtha,COMMENTED,,2025-04-17T07:10:57Z
7514,sfc-gh-mvashishtha,github-advanced-security[bot],COMMENTED,,2025-04-17T06:16:56Z
7512,sfc-gh-mvashishtha,github-advanced-security[bot],COMMENTED,,2025-04-16T21:16:48Z
7512,sfc-gh-mvashishtha,sfc-gh-mvashishtha,COMMENTED,,2025-04-16T22:38:10Z
7512,sfc-gh-mvashishtha,sfc-gh-jkew,APPROVED,"This looks good. I suspect that maybe we will need to make a few changes once it is integrated with another engine, but this is a pretty straight-forward followon to the post-op changes.",2025-04-16T22:48:54Z
7512,sfc-gh-mvashishtha,sfc-gh-joshi,COMMENTED,,2025-04-16T23:03:36Z
7512,sfc-gh-mvashishtha,sfc-gh-mvashishtha,COMMENTED,,2025-04-16T23:23:04Z
7512,sfc-gh-mvashishtha,sfc-gh-mvashishtha,COMMENTED,,2025-04-17T04:06:53Z
7512,sfc-gh-mvashishtha,github-advanced-security[bot],COMMENTED,,2025-04-17T13:54:16Z
7512,sfc-gh-mvashishtha,sfc-gh-joshi,COMMENTED,,2025-04-17T17:59:30Z
7512,sfc-gh-mvashishtha,sfc-gh-joshi,APPROVED,,2025-04-17T18:01:27Z
7512,sfc-gh-mvashishtha,sfc-gh-mvashishtha,COMMENTED,,2025-04-17T18:03:38Z
7510,sfc-gh-joshi,sfc-gh-mvashishtha,APPROVED,,2025-04-15T19:00:11Z
7506,sfc-gh-mvashishtha,sfc-gh-mvashishtha,COMMENTED,,2025-04-11T06:20:55Z
7506,sfc-gh-mvashishtha,sfc-gh-jkew,CHANGES_REQUESTED,,2025-04-14T22:19:54Z
7506,sfc-gh-mvashishtha,sfc-gh-mvashishtha,COMMENTED,,2025-04-14T23:58:24Z
7506,sfc-gh-mvashishtha,sfc-gh-jkew,COMMENTED,,2025-04-15T00:39:13Z
7506,sfc-gh-mvashishtha,sfc-gh-mvashishtha,COMMENTED,,2025-04-15T18:58:52Z
7506,sfc-gh-mvashishtha,sfc-gh-mvashishtha,COMMENTED,,2025-04-15T19:21:04Z
7506,sfc-gh-mvashishtha,sfc-gh-jkew,APPROVED,,2025-04-15T20:01:59Z
7502,sfc-gh-mvashishtha,github-advanced-security[bot],COMMENTED,,2025-04-08T02:48:53Z
7502,sfc-gh-mvashishtha,sfc-gh-joshi,APPROVED,LGTM,2025-04-08T17:06:41Z
7500,sfc-gh-mvashishtha,sfc-gh-jkew,APPROVED,wait for pass in case we are missing a test case somewhere ( probably not ),2025-04-04T20:02:07Z
7496,sfc-gh-mvashishtha,sfc-gh-jkew,APPROVED,,2025-04-04T15:57:57Z
7494,sfc-gh-jkew,github-advanced-security[bot],COMMENTED,,2025-04-04T20:19:03Z
7494,sfc-gh-jkew,sfc-gh-mvashishtha,COMMENTED,,2025-04-05T01:00:43Z
7494,sfc-gh-jkew,sfc-gh-jkew,COMMENTED,,2025-04-07T16:29:20Z
7494,sfc-gh-jkew,sfc-gh-jkew,COMMENTED,,2025-04-07T20:41:06Z
7494,sfc-gh-jkew,sfc-gh-mvashishtha,COMMENTED,,2025-04-07T21:33:09Z
7494,sfc-gh-jkew,sfc-gh-mvashishtha,COMMENTED,"I saw a typo in a docstring, so I'm suggesting a few nits. Otherwise LGTM.",2025-04-08T19:51:32Z
7494,sfc-gh-jkew,sfc-gh-mvashishtha,APPROVED,,2025-04-08T19:51:46Z
7494,sfc-gh-jkew,sfc-gh-mvashishtha,APPROVED,,2025-04-08T20:01:40Z
7494,sfc-gh-jkew,mvashishtha,APPROVED,,2025-04-08T20:01:53Z
7491,sfc-gh-mvashishtha,sfc-gh-jkew,APPROVED,,2025-04-03T20:04:16Z
7489,sfc-gh-mvashishtha,github-advanced-security[bot],COMMENTED,,2025-04-03T00:49:00Z
7489,sfc-gh-mvashishtha,sfc-gh-mvashishtha,COMMENTED,,2025-04-03T00:49:58Z
7489,sfc-gh-mvashishtha,sfc-gh-mvashishtha,COMMENTED,,2025-04-03T01:24:36Z
7489,sfc-gh-mvashishtha,sfc-gh-mvashishtha,COMMENTED,,2025-04-03T01:25:56Z
7489,sfc-gh-mvashishtha,sfc-gh-jkew,APPROVED,,2025-04-03T20:10:32Z
7488,sfc-gh-mvashishtha,sfc-gh-jkew,APPROVED,Reviewed in person,2025-04-01T22:12:11Z
7487,camriddell,sfc-gh-jkew,COMMENTED,,2025-03-31T19:59:38Z
7487,camriddell,camriddell,COMMENTED,,2025-03-31T22:57:28Z
7487,camriddell,sfc-gh-jkew,APPROVED,Makes sense to me. @devin-petersohn might want to take a look.,2025-04-01T18:54:02Z
7487,camriddell,sfc-gh-mvashishtha,COMMENTED,,2025-04-02T20:06:06Z
7485,sfc-gh-mvashishtha,github-advanced-security[bot],COMMENTED,,2025-03-31T02:46:19Z
7485,sfc-gh-mvashishtha,sfc-gh-mvashishtha,COMMENTED,,2025-03-31T05:50:36Z
7485,sfc-gh-mvashishtha,sfc-gh-jkew,COMMENTED,,2025-03-31T16:55:58Z
7485,sfc-gh-mvashishtha,sfc-gh-mvashishtha,COMMENTED,,2025-03-31T19:00:28Z
7485,sfc-gh-mvashishtha,sfc-gh-jkew,DISMISSED,Just add a comment to get_backend that the backend str needs to be capitalized,2025-03-31T19:48:18Z
7485,sfc-gh-mvashishtha,sfc-gh-mvashishtha,COMMENTED,,2025-03-31T19:52:16Z
7485,sfc-gh-mvashishtha,sfc-gh-jkew,APPROVED,,2025-03-31T20:01:03Z
7483,sfc-gh-jkew,sfc-gh-mvashishtha,COMMENTED,I'm mostly leaving nits,2025-03-31T23:15:41Z
7483,sfc-gh-jkew,sfc-gh-mvashishtha,APPROVED,,2025-04-02T18:55:21Z
7483,sfc-gh-jkew,mvashishtha,APPROVED,,2025-04-02T18:55:46Z
7481,sfc-gh-jkew,github-advanced-security[bot],COMMENTED,,2025-03-26T23:46:35Z
7481,sfc-gh-jkew,sfc-gh-joshi,COMMENTED,,2025-03-27T18:30:13Z
7481,sfc-gh-jkew,sfc-gh-jkew,COMMENTED,,2025-03-27T19:07:51Z
7481,sfc-gh-jkew,sfc-gh-joshi,COMMENTED,,2025-03-27T20:07:34Z
7481,sfc-gh-jkew,sfc-gh-joshi,COMMENTED,,2025-03-27T20:08:48Z
7481,sfc-gh-jkew,sfc-gh-mvashishtha,DISMISSED,one nit,2025-03-28T20:04:08Z
7481,sfc-gh-jkew,sfc-gh-joshi,DISMISSED,,2025-03-28T20:15:14Z
7481,sfc-gh-jkew,sfc-gh-jkew,COMMENTED,,2025-03-28T20:27:53Z
7481,sfc-gh-jkew,sfc-gh-joshi,APPROVED,,2025-03-28T22:30:06Z
7478,sfc-gh-jkew,github-advanced-security[bot],COMMENTED,,2025-03-21T18:37:26Z
7478,sfc-gh-jkew,github-advanced-security[bot],COMMENTED,,2025-03-21T18:54:26Z
7478,sfc-gh-jkew,sfc-gh-jkew,COMMENTED,,2025-03-21T18:57:29Z
7478,sfc-gh-jkew,sfc-gh-mvashishtha,COMMENTED,,2025-03-21T19:20:23Z
7478,sfc-gh-jkew,sfc-gh-jkew,COMMENTED,,2025-03-21T19:33:50Z
7478,sfc-gh-jkew,sfc-gh-mvashishtha,COMMENTED,,2025-03-21T19:34:56Z
7478,sfc-gh-jkew,github-advanced-security[bot],COMMENTED,,2025-03-25T20:26:21Z
7478,sfc-gh-jkew,github-advanced-security[bot],COMMENTED,,2025-03-25T20:39:30Z
7478,sfc-gh-jkew,github-advanced-security[bot],COMMENTED,,2025-03-25T20:52:37Z
7478,sfc-gh-jkew,github-advanced-security[bot],COMMENTED,,2025-03-25T20:56:18Z
7478,sfc-gh-jkew,github-advanced-security[bot],COMMENTED,,2025-03-25T22:19:44Z
7478,sfc-gh-jkew,github-advanced-security[bot],COMMENTED,,2025-03-26T00:50:38Z
7478,sfc-gh-jkew,sfc-gh-mvashishtha,COMMENTED,,2025-03-26T04:07:51Z
7478,sfc-gh-jkew,sfc-gh-joshi,COMMENTED,,2025-03-26T07:46:33Z
7478,sfc-gh-jkew,sfc-gh-jkew,COMMENTED,,2025-03-26T16:47:43Z
7478,sfc-gh-jkew,sfc-gh-jkew,COMMENTED,,2025-03-26T16:48:07Z
7478,sfc-gh-jkew,sfc-gh-jkew,COMMENTED,,2025-03-26T16:54:14Z
7478,sfc-gh-jkew,sfc-gh-mvashishtha,APPROVED,,2025-03-26T17:16:57Z
7478,sfc-gh-jkew,sfc-gh-joshi,COMMENTED,,2025-03-26T19:19:05Z
7478,sfc-gh-jkew,sfc-gh-jkew,COMMENTED,,2025-03-26T20:04:34Z
7478,sfc-gh-jkew,sfc-gh-joshi,APPROVED,,2025-03-26T23:02:26Z
7473,sfc-gh-mvashishtha,github-advanced-security[bot],COMMENTED,,2025-03-20T05:38:33Z
7473,sfc-gh-mvashishtha,sfc-gh-mvashishtha,COMMENTED,,2025-03-21T02:29:09Z
7473,sfc-gh-mvashishtha,sfc-gh-jkew,COMMENTED,,2025-03-21T05:42:22Z
7473,sfc-gh-mvashishtha,sfc-gh-mvashishtha,COMMENTED,,2025-03-21T16:55:45Z
7473,sfc-gh-mvashishtha,sfc-gh-mvashishtha,COMMENTED,,2025-03-21T16:59:32Z
7473,sfc-gh-mvashishtha,sfc-gh-jkew,COMMENTED,,2025-03-21T19:17:51Z
7473,sfc-gh-mvashishtha,sfc-gh-jkew,COMMENTED,,2025-03-21T19:29:25Z
7473,sfc-gh-mvashishtha,sfc-gh-joshi,CHANGES_REQUESTED,,2025-03-21T20:50:52Z
7473,sfc-gh-mvashishtha,sfc-gh-mvashishtha,COMMENTED,,2025-03-24T20:12:05Z
7473,sfc-gh-mvashishtha,sfc-gh-mvashishtha,COMMENTED,,2025-03-24T20:12:49Z
7473,sfc-gh-mvashishtha,github-advanced-security[bot],COMMENTED,,2025-03-24T20:14:28Z
7473,sfc-gh-mvashishtha,sfc-gh-jkew,COMMENTED,,2025-03-24T20:26:54Z
7473,sfc-gh-mvashishtha,sfc-gh-jkew,DISMISSED,,2025-03-24T20:56:17Z
7473,sfc-gh-mvashishtha,sfc-gh-joshi,COMMENTED,,2025-03-24T21:03:15Z
7473,sfc-gh-mvashishtha,sfc-gh-mvashishtha,COMMENTED,,2025-03-24T21:10:20Z
7473,sfc-gh-mvashishtha,sfc-gh-mvashishtha,COMMENTED,,2025-03-24T21:10:53Z
7473,sfc-gh-mvashishtha,sfc-gh-mvashishtha,COMMENTED,,2025-03-24T22:01:49Z
7473,sfc-gh-mvashishtha,sfc-gh-mvashishtha,COMMENTED,,2025-03-24T22:37:11Z
7473,sfc-gh-mvashishtha,sfc-gh-mvashishtha,COMMENTED,,2025-03-24T22:37:32Z
7473,sfc-gh-mvashishtha,sfc-gh-joshi,APPROVED,,2025-03-24T23:28:43Z
7469,sfc-gh-joshi,github-advanced-security[bot],COMMENTED,,2025-03-18T21:46:31Z
7469,sfc-gh-joshi,sfc-gh-jkew,CHANGES_REQUESTED,,2025-03-18T22:14:45Z
7469,sfc-gh-joshi,sfc-gh-joshi,COMMENTED,,2025-03-18T22:42:44Z
7469,sfc-gh-joshi,github-advanced-security[bot],COMMENTED,,2025-03-18T22:45:52Z
7469,sfc-gh-joshi,sfc-gh-mvashishtha,COMMENTED,,2025-03-19T01:09:21Z
7469,sfc-gh-joshi,sfc-gh-joshi,COMMENTED,,2025-03-19T20:34:05Z
7469,sfc-gh-joshi,sfc-gh-mvashishtha,COMMENTED,,2025-03-19T20:36:53Z
7469,sfc-gh-joshi,sfc-gh-joshi,COMMENTED,,2025-03-20T18:27:20Z
7469,sfc-gh-joshi,sfc-gh-jkew,APPROVED,We decided to leave the dependency as optional and decide later.,2025-03-20T21:22:47Z
7469,sfc-gh-joshi,mvashishtha,APPROVED,,2025-03-20T21:34:46Z
7466,sfc-gh-joshi,github-advanced-security[bot],COMMENTED,,2025-03-11T21:19:35Z
7466,sfc-gh-joshi,sfc-gh-mvashishtha,COMMENTED,,2025-03-18T22:56:56Z
7466,sfc-gh-joshi,sfc-gh-joshi,COMMENTED,,2025-03-18T22:59:26Z
7466,sfc-gh-joshi,sfc-gh-joshi,COMMENTED,,2025-03-18T23:10:16Z
7466,sfc-gh-joshi,sfc-gh-mvashishtha,APPROVED,,2025-03-18T23:11:22Z
7466,sfc-gh-joshi,mvashishtha,APPROVED,,2025-03-20T20:56:18Z
7464,sfc-gh-jkew,github-advanced-security[bot],COMMENTED,,2025-03-11T21:06:29Z
7464,sfc-gh-jkew,github-advanced-security[bot],COMMENTED,,2025-03-12T02:44:14Z
7464,sfc-gh-jkew,sfc-gh-mvashishtha,COMMENTED,,2025-03-13T16:48:28Z
7464,sfc-gh-jkew,github-advanced-security[bot],COMMENTED,,2025-03-13T21:18:38Z
7464,sfc-gh-jkew,sfc-gh-jkew,COMMENTED,,2025-03-13T23:17:21Z
7464,sfc-gh-jkew,github-advanced-security[bot],COMMENTED,,2025-03-18T22:08:57Z
7464,sfc-gh-jkew,sfc-gh-joshi,COMMENTED,,2025-03-18T22:17:38Z
7464,sfc-gh-jkew,sfc-gh-jkew,COMMENTED,,2025-03-18T22:52:38Z
7464,sfc-gh-jkew,sfc-gh-jkew,COMMENTED,,2025-03-18T22:53:23Z
7464,sfc-gh-jkew,sfc-gh-jkew,COMMENTED,,2025-03-18T22:55:52Z
7464,sfc-gh-jkew,sfc-gh-jkew,COMMENTED,,2025-03-18T22:57:09Z
7464,sfc-gh-jkew,sfc-gh-mvashishtha,COMMENTED,,2025-03-19T00:51:27Z
7464,sfc-gh-jkew,sfc-gh-jkew,COMMENTED,,2025-03-19T00:57:24Z
7464,sfc-gh-jkew,sfc-gh-jkew,COMMENTED,,2025-03-19T01:05:34Z
7464,sfc-gh-jkew,sfc-gh-mvashishtha,COMMENTED,,2025-03-19T19:11:26Z
7464,sfc-gh-jkew,sfc-gh-jkew,COMMENTED,,2025-03-19T19:53:59Z
7464,sfc-gh-jkew,sfc-gh-jkew,COMMENTED,,2025-03-20T18:49:17Z
7464,sfc-gh-jkew,sfc-gh-jkew,COMMENTED,,2025-03-20T18:51:04Z
7464,sfc-gh-jkew,sfc-gh-jkew,COMMENTED,,2025-03-20T19:54:09Z
7464,sfc-gh-jkew,sfc-gh-mvashishtha,COMMENTED,,2025-03-20T23:16:34Z
7464,sfc-gh-jkew,sfc-gh-mvashishtha,COMMENTED,,2025-03-20T23:19:01Z
7464,sfc-gh-jkew,sfc-gh-jkew,COMMENTED,,2025-03-21T05:28:17Z
7464,sfc-gh-jkew,sfc-gh-mvashishtha,COMMENTED,,2025-03-21T16:24:06Z
7464,sfc-gh-jkew,sfc-gh-mvashishtha,APPROVED,,2025-03-21T17:35:44Z
7464,sfc-gh-jkew,mvashishtha,APPROVED,,2025-03-21T17:46:23Z
7463,sfc-gh-joshi,sfc-gh-mvashishtha,APPROVED,,2025-03-18T22:57:59Z
7463,sfc-gh-joshi,mvashishtha,APPROVED,,2025-03-18T22:58:35Z
7462,sfc-gh-mvashishtha,sfc-gh-mvashishtha,COMMENTED,,2025-03-11T17:54:11Z
7462,sfc-gh-mvashishtha,sfc-gh-mvashishtha,COMMENTED,,2025-03-11T17:55:19Z
7462,sfc-gh-mvashishtha,sfc-gh-joshi,COMMENTED,"Mostly LGTM, just a couple questions.",2025-03-11T20:19:42Z
7462,sfc-gh-mvashishtha,sfc-gh-jkew,DISMISSED,,2025-03-11T20:21:16Z
7462,sfc-gh-mvashishtha,sfc-gh-mvashishtha,COMMENTED,,2025-03-11T20:55:44Z
7462,sfc-gh-mvashishtha,sfc-gh-joshi,DISMISSED,,2025-03-11T21:00:31Z
7462,sfc-gh-mvashishtha,sfc-gh-mvashishtha,COMMENTED,,2025-03-11T21:25:11Z
7462,sfc-gh-mvashishtha,sfc-gh-dpetersohn,DISMISSED,Looks good! Left a nit,2025-03-11T21:27:58Z
7462,sfc-gh-mvashishtha,sfc-gh-mvashishtha,COMMENTED,,2025-03-11T21:32:28Z
7462,sfc-gh-mvashishtha,sfc-gh-joshi,APPROVED,,2025-03-11T21:40:26Z
7460,sfc-gh-mvashishtha,github-advanced-security[bot],COMMENTED,,2025-03-08T01:20:37Z
7460,sfc-gh-mvashishtha,github-advanced-security[bot],COMMENTED,,2025-03-11T22:24:21Z
7460,sfc-gh-mvashishtha,github-advanced-security[bot],COMMENTED,,2025-03-12T05:42:36Z
7460,sfc-gh-mvashishtha,sfc-gh-jkew,APPROVED,,2025-03-12T18:26:15Z
7460,sfc-gh-mvashishtha,sfc-gh-joshi,APPROVED,,2025-03-12T20:52:55Z
7458,sfc-gh-mvashishtha,devin-petersohn,APPROVED,,2025-03-07T20:03:24Z
7456,sfc-gh-mvashishtha,sfc-gh-jkew,APPROVED,The difference between python and pandas backends is confusing; but otherwise OK,2025-03-06T23:45:35Z
7456,sfc-gh-mvashishtha,sfc-gh-joshi,COMMENTED,,2025-03-06T23:48:54Z
7456,sfc-gh-mvashishtha,sfc-gh-mvashishtha,COMMENTED,,2025-03-07T00:44:49Z
7456,sfc-gh-mvashishtha,sfc-gh-joshi,APPROVED,,2025-03-07T00:56:05Z
7456,sfc-gh-mvashishtha,sfc-gh-jkew,APPROVED,,2025-03-07T18:47:09Z
7444,sfc-gh-jkew,github-advanced-security[bot],COMMENTED,,2025-02-17T23:19:55Z
7444,sfc-gh-jkew,sfc-gh-jkew,COMMENTED,,2025-02-17T23:49:35Z
7444,sfc-gh-jkew,github-advanced-security[bot],COMMENTED,,2025-02-17T23:50:33Z
7444,sfc-gh-jkew,sfc-gh-jkew,COMMENTED,,2025-02-18T18:31:24Z
7444,sfc-gh-jkew,sfc-gh-jkew,COMMENTED,,2025-02-18T18:36:40Z
7444,sfc-gh-jkew,github-advanced-security[bot],COMMENTED,,2025-02-18T20:57:56Z
7444,sfc-gh-jkew,sfc-gh-joshi,COMMENTED,"Just some minor comments, otherwise LGTM.",2025-02-20T23:07:21Z
7444,sfc-gh-jkew,sfc-gh-jkew,COMMENTED,,2025-02-21T19:48:02Z
7444,sfc-gh-jkew,sfc-gh-jkew,COMMENTED,,2025-02-21T20:00:15Z
7444,sfc-gh-jkew,sfc-gh-joshi,DISMISSED,,2025-02-22T01:42:13Z
7444,sfc-gh-jkew,sfc-gh-mvashishtha,COMMENTED,"I'm leaving some comments, mostly about testing. Let's aim for 100% codecov coverage.

I recommend that @devin-petersohn take a look as well.",2025-02-23T23:33:24Z
7444,sfc-gh-jkew,sfc-gh-jkew,COMMENTED,,2025-02-25T00:23:50Z
7444,sfc-gh-jkew,sfc-gh-jkew,COMMENTED,,2025-02-25T00:54:20Z
7444,sfc-gh-jkew,sfc-gh-jkew,COMMENTED,,2025-02-25T00:54:29Z
7444,sfc-gh-jkew,sfc-gh-mvashishtha,COMMENTED,,2025-02-25T04:13:56Z
7444,sfc-gh-jkew,github-advanced-security[bot],COMMENTED,,2025-02-25T22:13:12Z
7444,sfc-gh-jkew,sfc-gh-jkew,COMMENTED,,2025-02-25T22:28:28Z
7444,sfc-gh-jkew,github-advanced-security[bot],COMMENTED,,2025-02-25T23:34:20Z
7444,sfc-gh-jkew,sfc-gh-mvashishtha,DISMISSED,LGTM with a style nit,2025-02-26T18:46:32Z
7444,sfc-gh-jkew,sfc-gh-dpetersohn,DISMISSED,"Looks great, left some nits.",2025-02-27T17:23:23Z
7444,sfc-gh-jkew,sfc-gh-mvashishtha,APPROVED,,2025-02-27T21:48:24Z
7444,sfc-gh-jkew,mvashishtha,APPROVED,,2025-02-27T21:49:38Z
7444,sfc-gh-jkew,YarShev,COMMENTED,,2025-03-15T19:53:08Z
7443,sfc-gh-jkew,github-advanced-security[bot],COMMENTED,,2025-02-14T19:43:57Z
7442,sfc-gh-mvashishtha,sfc-gh-joshi,COMMENTED,,2025-02-14T20:58:25Z
7442,sfc-gh-mvashishtha,sfc-gh-mvashishtha,COMMENTED,,2025-02-14T22:49:02Z
7442,sfc-gh-mvashishtha,sfc-gh-joshi,APPROVED,,2025-02-14T23:22:56Z
7440,noloerino,anmyachev,APPROVED,,2025-02-27T19:14:01Z
7438,sfc-gh-mvashishtha,sfc-gh-joshi,APPROVED,,2025-02-10T19:01:03Z
7436,sfc-gh-mvashishtha,sfc-gh-mvashishtha,COMMENTED,,2025-02-10T04:36:53Z
7436,sfc-gh-mvashishtha,sfc-gh-joshi,COMMENTED,"Left a couple questions. It may also be worth pinging the people that added the Native QC in the first place, in case this would cause any breaking changes for them.",2025-02-11T00:23:31Z
7436,sfc-gh-mvashishtha,sfc-gh-mvashishtha,COMMENTED,,2025-02-12T22:16:39Z
7436,sfc-gh-mvashishtha,sfc-gh-joshi,APPROVED,,2025-02-12T23:19:31Z
7436,sfc-gh-mvashishtha,YarShev,COMMENTED,,2025-03-15T18:44:55Z
7434,noloerino,sfc-gh-mvashishtha,APPROVED,Thanks!,2025-02-07T20:16:04Z
7434,noloerino,mvashishtha,APPROVED,,2025-02-07T20:16:50Z
7432,sfc-gh-mvashishtha,anmyachev,COMMENTED,,2025-01-30T20:39:19Z
7432,sfc-gh-mvashishtha,anmyachev,APPROVED,,2025-01-30T20:39:31Z
7432,sfc-gh-mvashishtha,sfc-gh-joshi,COMMENTED,,2025-01-30T20:48:51Z
7430,sfc-gh-mvashishtha,sfc-gh-jkew,COMMENTED,,2025-01-29T17:29:22Z
7430,sfc-gh-mvashishtha,sfc-gh-joshi,COMMENTED,,2025-01-29T22:00:56Z
7430,sfc-gh-mvashishtha,sfc-gh-mvashishtha,COMMENTED,,2025-01-30T03:44:19Z
7430,sfc-gh-mvashishtha,sfc-gh-mvashishtha,COMMENTED,,2025-01-30T03:45:21Z
7430,sfc-gh-mvashishtha,anmyachev,DISMISSED,,2025-01-30T15:04:03Z
7430,sfc-gh-mvashishtha,github-advanced-security[bot],COMMENTED,,2025-01-30T19:03:13Z
7430,sfc-gh-mvashishtha,sfc-gh-joshi,COMMENTED,,2025-01-30T20:00:57Z
7430,sfc-gh-mvashishtha,anmyachev,APPROVED,,2025-01-31T13:10:31Z
7430,sfc-gh-mvashishtha,sfc-gh-joshi,APPROVED,,2025-01-31T18:54:41Z
7430,sfc-gh-mvashishtha,sfc-gh-jkew,APPROVED,,2025-01-31T19:19:24Z
7423,anmyachev,mvashishtha,APPROVED,"LGTM, thanks!",2025-01-21T18:18:38Z
7422,sfc-gh-mvashishtha,anmyachev,COMMENTED,,2025-01-16T10:18:32Z
7422,sfc-gh-mvashishtha,sfc-gh-joshi,APPROVED,,2025-01-16T19:43:16Z
7422,sfc-gh-mvashishtha,sfc-gh-mvashishtha,COMMENTED,,2025-01-16T19:53:21Z
7422,sfc-gh-mvashishtha,anmyachev,APPROVED,,2025-01-16T20:02:10Z
7420,sfc-gh-mvashishtha,anmyachev,COMMENTED,,2025-01-15T19:39:05Z
7420,sfc-gh-mvashishtha,sfc-gh-mvashishtha,COMMENTED,,2025-01-15T21:46:53Z
7420,sfc-gh-mvashishtha,anmyachev,COMMENTED,,2025-01-15T22:12:13Z
7420,sfc-gh-mvashishtha,anmyachev,DISMISSED,,2025-01-15T23:32:27Z
7420,sfc-gh-mvashishtha,anmyachev,APPROVED,,2025-01-16T00:01:50Z
7400,noloerino,anmyachev,COMMENTED,,2024-09-20T14:52:40Z
7400,noloerino,noloerino,COMMENTED,,2024-09-20T17:30:28Z
7400,noloerino,anmyachev,COMMENTED,,2024-09-20T17:43:15Z
7400,noloerino,noloerino,COMMENTED,,2024-09-20T17:50:09Z
7400,noloerino,anmyachev,COMMENTED,,2024-09-20T17:55:49Z
7400,noloerino,noloerino,COMMENTED,,2024-09-20T18:00:55Z
7400,noloerino,anmyachev,COMMENTED,,2024-09-20T18:07:56Z
7400,noloerino,anmyachev,APPROVED,,2024-09-20T18:08:04Z
7399,anmyachev,YarShev,APPROVED,,2024-09-20T12:21:27Z
7398,noloerino,anmyachev,COMMENTED,,2024-09-20T20:18:24Z
7398,noloerino,anmyachev,APPROVED,LGTM!,2024-09-21T12:23:19Z
7396,noloerino,anmyachev,APPROVED,,2024-09-21T18:33:53Z
7395,noloerino,anmyachev,COMMENTED,,2024-09-13T08:55:11Z
7395,noloerino,noloerino,COMMENTED,,2024-09-13T20:42:16Z
7395,noloerino,anmyachev,APPROVED,,2024-09-14T13:43:09Z
7394,noloerino,anmyachev,COMMENTED,,2024-09-13T09:37:16Z
7394,noloerino,noloerino,COMMENTED,,2024-09-13T20:36:24Z
7394,noloerino,noloerino,COMMENTED,,2024-09-13T20:38:05Z
7394,noloerino,anmyachev,COMMENTED,,2024-09-14T14:09:20Z
7394,noloerino,anmyachev,APPROVED,,2024-09-17T20:05:18Z
7393,anmyachev,YarShev,APPROVED,,2024-09-11T12:51:12Z
7390,YarShev,anmyachev,DISMISSED,,2024-09-06T16:36:16Z
7390,YarShev,anmyachev,APPROVED,,2024-09-09T14:23:45Z
7388,YarShev,anmyachev,APPROVED,,2024-09-06T16:34:34Z
7386,arunjose696,YarShev,COMMENTED,,2024-09-06T12:36:24Z
7386,arunjose696,YarShev,APPROVED,,2024-09-06T13:32:57Z
7380,noloerino,anmyachev,APPROVED,,2024-08-31T21:31:57Z
7380,noloerino,YarShev,APPROVED,,2024-09-02T08:29:06Z
7376,arunjose696,github-advanced-security[bot],COMMENTED,,2024-08-26T14:52:24Z
7376,arunjose696,YarShev,COMMENTED,,2024-08-27T09:53:26Z
7376,arunjose696,anmyachev,CHANGES_REQUESTED,,2024-08-28T08:54:53Z
7376,arunjose696,arunjose696,COMMENTED,,2024-08-28T09:02:49Z
7376,arunjose696,arunjose696,COMMENTED,,2024-08-28T09:07:19Z
7376,arunjose696,arunjose696,COMMENTED,,2024-08-28T09:12:02Z
7376,arunjose696,arunjose696,COMMENTED,,2024-08-28T09:19:26Z
7376,arunjose696,arunjose696,COMMENTED,,2024-08-28T09:33:03Z
7376,arunjose696,arunjose696,COMMENTED,,2024-08-28T09:56:56Z
7376,arunjose696,github-advanced-security[bot],COMMENTED,,2024-08-28T09:56:59Z
7376,arunjose696,arunjose696,COMMENTED,,2024-08-28T09:58:17Z
7376,arunjose696,arunjose696,COMMENTED,,2024-08-28T10:02:52Z
7376,arunjose696,anmyachev,COMMENTED,,2024-08-28T10:03:20Z
7376,arunjose696,arunjose696,COMMENTED,,2024-08-28T10:04:09Z
7376,arunjose696,arunjose696,COMMENTED,,2024-08-28T10:04:28Z
7376,arunjose696,anmyachev,COMMENTED,,2024-08-28T10:05:18Z
7376,arunjose696,github-advanced-security[bot],COMMENTED,,2024-08-28T10:18:40Z
7376,arunjose696,arunjose696,COMMENTED,,2024-08-28T12:03:55Z
7376,arunjose696,YarShev,COMMENTED,"@arunjose696, please take a look at the failing tests.",2024-08-29T11:41:01Z
7376,arunjose696,arunjose696,COMMENTED,,2024-09-02T08:01:03Z
7376,arunjose696,arunjose696,COMMENTED,,2024-09-02T08:01:08Z
7376,arunjose696,YarShev,APPROVED,,2024-09-02T09:04:02Z
7376,arunjose696,anmyachev,COMMENTED,,2024-09-02T11:58:46Z
7376,arunjose696,anmyachev,APPROVED,,2024-09-02T12:12:42Z
7376,arunjose696,arunjose696,COMMENTED,,2024-09-02T12:18:58Z
7376,arunjose696,anmyachev,COMMENTED,,2024-09-02T12:28:25Z
7376,arunjose696,arunjose696,COMMENTED,,2024-09-02T16:21:28Z
7376,arunjose696,anmyachev,COMMENTED,,2024-09-03T08:55:04Z
7374,anmyachev,Retribution98,APPROVED,LGTM,2024-08-23T11:17:41Z
7374,anmyachev,YarShev,APPROVED,,2024-08-26T11:34:36Z
7372,noloerino,YarShev,APPROVED,,2024-08-28T10:32:07Z
7369,Retribution98,anmyachev,COMMENTED,,2024-08-14T07:43:47Z
7369,Retribution98,anmyachev,COMMENTED,,2024-08-14T07:44:20Z
7369,Retribution98,anmyachev,COMMENTED,,2024-08-19T09:36:08Z
7369,Retribution98,Retribution98,COMMENTED,,2024-08-19T10:37:03Z
7369,Retribution98,anmyachev,COMMENTED,,2024-08-19T10:52:12Z
7369,Retribution98,anmyachev,COMMENTED,,2024-08-19T11:55:42Z
7369,Retribution98,anmyachev,APPROVED,,2024-08-19T11:55:48Z
7358,devin-petersohn,YarShev,APPROVED,,2024-08-02T08:26:42Z
7356,arunjose696,YarShev,APPROVED,"@arunjose696, thanks!",2024-08-01T15:18:33Z
7356,arunjose696,devin-petersohn,APPROVED,LGTM,2024-08-01T15:37:40Z
7354,sfc-gh-mvashishtha,github-advanced-security[bot],COMMENTED,,2024-07-31T17:58:58Z
7354,sfc-gh-mvashishtha,github-advanced-security[bot],COMMENTED,,2024-07-31T21:59:38Z
7354,sfc-gh-mvashishtha,devin-petersohn,APPROVED,LGTM,2024-08-01T00:18:49Z
7353,sfc-gh-mvashishtha,github-advanced-security[bot],COMMENTED,,2024-07-30T23:08:02Z
7353,sfc-gh-mvashishtha,YarShev,APPROVED,,2024-07-31T11:40:40Z
7352,devin-petersohn,YarShev,APPROVED,,2024-07-31T11:13:47Z
7348,noloerino,devin-petersohn,COMMENTED,,2024-07-26T21:58:40Z
7348,noloerino,sfc-gh-joshi,COMMENTED,,2024-07-26T22:18:06Z
7348,noloerino,sfc-gh-joshi,COMMENTED,,2024-07-26T22:20:27Z
7348,noloerino,devin-petersohn,APPROVED,LGTM!,2024-07-29T16:11:00Z
7347,data-makerman,devin-petersohn,COMMENTED,"Thanks @data-makerman, great patch! Would you be able to add a new test with the breaking code from your issue #7346 to the end of `modin/tests/core/storage_foramts/pandas/test_internals.py`? I tested this and it works in Ray, so we shouldn't need to exclude any engine from the test.",2024-07-19T18:48:48Z
7347,data-makerman,YarShev,COMMENTED,,2024-07-22T12:31:25Z
7347,data-makerman,data-makerman,COMMENTED,,2024-07-22T18:06:12Z
7347,data-makerman,devin-petersohn,COMMENTED,,2024-07-22T22:11:47Z
7347,data-makerman,github-advanced-security[bot],COMMENTED,,2024-07-22T22:15:30Z
7347,data-makerman,YarShev,COMMENTED,,2024-07-23T10:25:39Z
7347,data-makerman,YarShev,COMMENTED,,2024-07-23T10:27:38Z
7347,data-makerman,devin-petersohn,COMMENTED,,2024-07-23T16:08:58Z
7347,data-makerman,YarShev,COMMENTED,,2024-07-23T17:02:35Z
7347,data-makerman,github-advanced-security[bot],COMMENTED,,2024-07-29T15:53:13Z
7347,data-makerman,devin-petersohn,APPROVED,"Thank you @data-makerman LGTM, I appreciate your patience! ",2025-04-16T21:58:05Z
7345,likawind,YarShev,APPROVED,"@likawind, thanks!",2024-07-16T11:04:53Z
7345,likawind,devin-petersohn,APPROVED,,2024-07-18T16:59:44Z
7345,likawind,YarShev,APPROVED,"@likawind, LGTM, thanks!",2024-07-22T12:34:28Z
7343,ZhipengXue97,devin-petersohn,APPROVED,"Thanks @ZhipengXue97 , LGTM!",2024-07-15T14:57:19Z
7338,Retribution98,YarShev,COMMENTED,,2024-07-09T12:29:56Z
7338,Retribution98,arunjose696,COMMENTED,,2024-07-10T08:24:12Z
7338,Retribution98,Retribution98,COMMENTED,,2024-07-16T14:05:43Z
7338,Retribution98,Retribution98,COMMENTED,,2024-07-16T14:07:01Z
7338,Retribution98,YarShev,COMMENTED,,2024-07-17T08:04:07Z
7338,Retribution98,Retribution98,COMMENTED,,2024-07-18T10:03:03Z
7338,Retribution98,Retribution98,COMMENTED,,2024-07-18T10:07:57Z
7338,Retribution98,Retribution98,COMMENTED,,2024-07-18T10:08:22Z
7338,Retribution98,Retribution98,COMMENTED,,2024-07-18T10:08:27Z
7338,Retribution98,anmyachev,COMMENTED,,2024-07-19T09:52:33Z
7338,Retribution98,Retribution98,COMMENTED,,2024-07-19T15:28:50Z
7338,Retribution98,YarShev,COMMENTED,,2024-08-01T13:28:10Z
7338,Retribution98,Retribution98,COMMENTED,,2024-08-01T13:34:35Z
7338,Retribution98,YarShev,COMMENTED,,2024-08-01T16:34:40Z
7338,Retribution98,Retribution98,COMMENTED,,2024-08-02T12:32:55Z
7338,Retribution98,Retribution98,COMMENTED,,2024-08-19T12:27:12Z
7338,Retribution98,Retribution98,COMMENTED,,2024-08-19T12:28:52Z
7338,Retribution98,Retribution98,COMMENTED,,2024-08-19T12:45:37Z
7338,Retribution98,Retribution98,COMMENTED,,2024-08-19T12:48:03Z
7338,Retribution98,Retribution98,COMMENTED,,2024-08-19T12:48:10Z
7338,Retribution98,Retribution98,COMMENTED,,2024-08-19T12:48:23Z
7338,Retribution98,Retribution98,COMMENTED,,2024-08-19T12:48:39Z
7338,Retribution98,anmyachev,COMMENTED,,2024-08-19T12:57:25Z
7338,Retribution98,anmyachev,DISMISSED,LGTM!,2024-08-19T12:57:34Z
7338,Retribution98,anmyachev,COMMENTED,,2024-08-22T12:47:13Z
7338,Retribution98,Retribution98,COMMENTED,,2024-08-22T13:02:56Z
7338,Retribution98,anmyachev,APPROVED,,2024-08-26T13:31:08Z
7336,MortalHappiness,YarShev,APPROVED,,2024-07-03T13:58:50Z
7333,Retribution98,YarShev,APPROVED,,2024-06-27T12:52:27Z
7332,devin-petersohn,github-advanced-security[bot],COMMENTED,,2024-06-26T22:20:51Z
7332,devin-petersohn,github-advanced-security[bot],COMMENTED,,2024-06-27T15:09:57Z
7332,devin-petersohn,sfc-gh-mvashishtha,COMMENTED,I reviewed the files alphabetically through `item ` in dataframe.py . I'll make another round of comments later today.,2024-07-02T18:58:42Z
7332,devin-petersohn,sfc-gh-dpetersohn,COMMENTED,,2024-07-03T14:59:22Z
7332,devin-petersohn,sfc-gh-dpetersohn,COMMENTED,,2024-07-03T15:04:31Z
7332,devin-petersohn,sfc-gh-dpetersohn,COMMENTED,,2024-07-03T15:05:05Z
7332,devin-petersohn,sfc-gh-mvashishtha,COMMENTED,I've made it through `len` in groupby.py,2024-07-09T20:29:39Z
7332,devin-petersohn,sfc-gh-mvashishtha,COMMENTED,I've gone through all the files now!,2024-07-19T20:58:49Z
7332,devin-petersohn,sfc-gh-mvashishtha,COMMENTED,,2024-07-19T21:26:26Z
7332,devin-petersohn,devin-petersohn,COMMENTED,,2024-07-22T15:57:13Z
7332,devin-petersohn,devin-petersohn,COMMENTED,,2024-07-22T15:59:40Z
7332,devin-petersohn,sfc-gh-mvashishtha,DISMISSED,,2024-07-24T17:44:43Z
7332,devin-petersohn,devin-petersohn,COMMENTED,,2024-07-24T17:53:15Z
7332,devin-petersohn,sfc-gh-mvashishtha,APPROVED,,2024-07-24T20:01:28Z
7330,YarShev,anmyachev,COMMENTED,,2024-06-26T17:02:57Z
7330,YarShev,anmyachev,COMMENTED,,2024-06-26T17:05:39Z
7330,YarShev,YarShev,COMMENTED,,2024-06-26T18:11:23Z
7330,YarShev,YarShev,COMMENTED,,2024-06-26T18:12:01Z
7330,YarShev,YarShev,COMMENTED,,2024-06-26T18:35:55Z
7330,YarShev,anmyachev,COMMENTED,,2024-06-26T18:44:58Z
7330,YarShev,YarShev,COMMENTED,,2024-06-26T19:31:43Z
7330,YarShev,arunjose696,COMMENTED,,2024-06-27T09:58:31Z
7330,YarShev,anmyachev,DISMISSED,,2024-06-27T11:13:49Z
7330,YarShev,YarShev,COMMENTED,,2024-06-27T12:50:40Z
7330,YarShev,devin-petersohn,APPROVED,"LGTM, thanks @YarShev !",2024-06-27T15:48:39Z
7328,anmyachev,YarShev,APPROVED,,2024-06-26T14:28:11Z
7326,vsreekanti,YarShev,COMMENTED,,2024-06-25T13:59:32Z
7326,vsreekanti,YarShev,COMMENTED,,2024-06-25T14:00:28Z
7326,vsreekanti,sfc-gh-dpetersohn,COMMENTED,,2024-06-25T14:45:36Z
7326,vsreekanti,vsreekanti,COMMENTED,,2024-06-25T16:46:14Z
7326,vsreekanti,vsreekanti,COMMENTED,,2024-06-25T16:47:07Z
7326,vsreekanti,sfc-gh-dpetersohn,COMMENTED,,2024-06-25T17:13:34Z
7326,vsreekanti,YarShev,COMMENTED,,2024-06-25T17:15:13Z
7326,vsreekanti,sfc-gh-dpetersohn,COMMENTED,,2024-06-25T18:33:04Z
7326,vsreekanti,vsreekanti,COMMENTED,,2024-06-25T18:42:21Z
7326,vsreekanti,YarShev,APPROVED,,2024-06-25T19:17:55Z
7326,vsreekanti,sfc-gh-dpetersohn,APPROVED,,2024-06-25T19:35:12Z
7323,Jayson729,anmyachev,APPROVED,LGTM! Thanks @Jayson729!,2024-06-19T11:18:55Z
7322,anmyachev,YarShev,APPROVED,,2024-06-18T14:18:05Z
7319,dependabot[bot],anmyachev,APPROVED,,2024-06-19T11:10:41Z
7318,kurtmckee,devin-petersohn,APPROVED,"Thanks @kurtmckee, LGTM",2024-06-17T23:30:42Z
7314,arunjose696,YarShev,APPROVED,"@arunjose696, thanks!",2024-06-14T08:33:41Z
7312,anmyachev,github-advanced-security[bot],COMMENTED,,2024-06-13T10:30:40Z
7312,anmyachev,YarShev,COMMENTED,,2024-06-13T13:04:50Z
7312,anmyachev,anmyachev,COMMENTED,,2024-06-13T13:12:06Z
7312,anmyachev,YarShev,APPROVED,,2024-06-13T13:30:57Z
7311,anmyachev,github-advanced-security[bot],COMMENTED,,2024-06-12T11:28:43Z
7311,anmyachev,YarShev,APPROVED,,2024-06-12T11:51:51Z
7307,sfc-gh-mvashishtha,anmyachev,DISMISSED,LGTM!,2024-06-11T10:01:28Z
7307,sfc-gh-mvashishtha,devin-petersohn,DISMISSED,,2024-06-11T14:48:16Z
7307,sfc-gh-mvashishtha,noloerino,APPROVED,"LGTM, thanks!",2024-06-11T17:03:00Z
7307,sfc-gh-mvashishtha,anmyachev,APPROVED,,2024-06-11T17:31:45Z
7306,anmyachev,YarShev,APPROVED,,2024-06-10T20:58:08Z
7305,anmyachev,YarShev,APPROVED,,2024-06-10T16:07:17Z
7303,anmyachev,YarShev,APPROVED,,2024-06-10T11:59:59Z
7300,anmyachev,anmyachev,COMMENTED,,2024-06-06T22:11:40Z
7300,anmyachev,devin-petersohn,APPROVED,"This is great @anmyachev! 

I think a good medium term goal would be to have support for a fully lazy index object, adding it as a first class citizen to the query compiler (and adding `index.py` to `modin/pandas`.

LGTM",2024-06-07T16:11:14Z
7297,arunjose696,anmyachev,CHANGES_REQUESTED,,2024-06-03T12:07:55Z
7297,arunjose696,arunjose696,COMMENTED,,2024-06-03T13:12:58Z
7297,arunjose696,arunjose696,COMMENTED,,2024-06-03T13:13:10Z
7297,arunjose696,anmyachev,APPROVED,LGTM!,2024-06-03T14:34:39Z
7297,arunjose696,YarShev,COMMENTED,,2024-06-10T08:32:42Z
7297,arunjose696,anmyachev,COMMENTED,,2024-06-10T09:36:09Z
7297,arunjose696,YarShev,COMMENTED,,2024-06-10T09:38:17Z
7296,anmyachev,anmyachev,COMMENTED,,2024-06-02T13:10:54Z
7296,anmyachev,devin-petersohn,APPROVED,LGTM,2024-06-03T17:08:54Z
7293,anmyachev,devin-petersohn,APPROVED,LGTM,2024-05-29T15:22:57Z
7290,anmyachev,devin-petersohn,APPROVED,"Nobody is using it right now, and we aren't testing it so I am sure it doesn't work. Let's remove @anmyachev ",2024-05-29T15:44:16Z
7289,anmyachev,anmyachev,COMMENTED,,2024-06-16T14:39:01Z
7289,anmyachev,YarShev,COMMENTED,,2024-06-17T09:03:22Z
7289,anmyachev,anmyachev,COMMENTED,,2024-06-17T10:50:21Z
7289,anmyachev,YarShev,APPROVED,,2024-06-17T11:12:36Z
7288,Retribution98,YarShev,APPROVED,,2024-05-27T11:32:21Z
7286,YarShev,anmyachev,APPROVED,,2024-05-21T17:22:12Z
7284,YarShev,anmyachev,COMMENTED,,2024-05-22T09:38:44Z
7284,YarShev,YarShev,COMMENTED,,2024-05-22T14:14:01Z
7284,YarShev,devin-petersohn,DISMISSED,"LGTM, thanks @YarShev ",2024-05-22T19:54:04Z
7284,YarShev,anmyachev,COMMENTED,"Overall it looks good, only one design question and a couple of small ones left.",2024-05-22T19:55:12Z
7284,YarShev,YarShev,COMMENTED,,2024-05-23T13:54:07Z
7284,YarShev,YarShev,COMMENTED,,2024-05-23T13:56:10Z
7284,YarShev,YarShev,COMMENTED,,2024-05-23T14:04:44Z
7284,YarShev,anmyachev,COMMENTED,,2024-05-23T14:16:56Z
7284,YarShev,anmyachev,COMMENTED,,2024-05-23T14:19:45Z
7284,YarShev,YarShev,COMMENTED,,2024-05-23T14:35:21Z
7284,YarShev,anmyachev,COMMENTED,,2024-05-23T14:56:56Z
7284,YarShev,YarShev,COMMENTED,,2024-05-23T15:05:44Z
7284,YarShev,anmyachev,COMMENTED,,2024-05-23T15:14:03Z
7284,YarShev,YarShev,COMMENTED,,2024-05-23T15:20:11Z
7284,YarShev,dchigarev,COMMENTED,,2024-05-23T15:32:34Z
7284,YarShev,YarShev,COMMENTED,,2024-05-23T15:35:13Z
7284,YarShev,anmyachev,COMMENTED,,2024-05-23T15:39:43Z
7284,YarShev,YarShev,COMMENTED,,2024-05-23T16:08:00Z
7284,YarShev,anmyachev,COMMENTED,,2024-05-24T09:54:39Z
7284,YarShev,YarShev,COMMENTED,,2024-05-24T13:11:25Z
7284,YarShev,anmyachev,COMMENTED,,2024-06-14T18:18:26Z
7284,YarShev,YarShev,COMMENTED,,2024-06-14T18:30:24Z
7284,YarShev,anmyachev,APPROVED,,2024-06-14T18:35:47Z
7280,YarShev,YarShev,COMMENTED,,2024-05-17T20:48:42Z
7280,YarShev,anmyachev,COMMENTED,,2024-05-23T08:56:56Z
7280,YarShev,YarShev,COMMENTED,,2024-05-23T11:57:57Z
7280,YarShev,YarShev,COMMENTED,,2024-05-23T11:58:51Z
7280,YarShev,anmyachev,COMMENTED,,2024-05-27T13:57:00Z
7280,YarShev,YarShev,COMMENTED,,2024-06-12T12:35:14Z
7280,YarShev,anmyachev,COMMENTED,,2024-06-14T18:12:31Z
7280,YarShev,anmyachev,APPROVED,,2024-06-14T18:12:37Z
7279,anmyachev,github-advanced-security[bot],COMMENTED,,2024-05-16T15:36:29Z
7279,anmyachev,github-advanced-security[bot],COMMENTED,,2024-05-16T17:54:01Z
7279,anmyachev,YarShev,COMMENTED,,2024-05-16T19:02:18Z
7279,anmyachev,YarShev,COMMENTED,,2024-05-16T19:03:18Z
7279,anmyachev,anmyachev,COMMENTED,,2024-05-16T19:44:22Z
7279,anmyachev,anmyachev,COMMENTED,,2024-05-16T19:46:30Z
7279,anmyachev,YarShev,APPROVED,,2024-05-17T08:24:25Z
7275,YarShev,anmyachev,COMMENTED,,2024-05-16T11:43:18Z
7275,YarShev,YarShev,COMMENTED,,2024-05-16T11:54:49Z
7275,YarShev,anmyachev,APPROVED,,2024-05-16T14:44:26Z
7274,anmyachev,YarShev,APPROVED,,2024-05-16T18:56:27Z
7270,anmyachev,YarShev,APPROVED,,2024-05-15T09:19:28Z
7269,noloerino,YarShev,APPROVED,,2024-05-15T07:34:57Z
7268,anmyachev,anmyachev,COMMENTED,,2024-05-15T12:09:02Z
7268,anmyachev,YarShev,APPROVED,,2024-05-15T12:50:51Z
7266,anmyachev,YarShev,APPROVED,,2024-05-14T11:07:26Z
7264,anmyachev,anmyachev,COMMENTED,,2024-05-14T15:24:55Z
7264,anmyachev,anmyachev,COMMENTED,,2024-05-14T15:26:05Z
7264,anmyachev,anmyachev,COMMENTED,,2024-05-14T15:26:30Z
7264,anmyachev,YarShev,COMMENTED,,2024-05-16T18:57:46Z
7264,anmyachev,anmyachev,COMMENTED,,2024-05-16T19:35:39Z
7264,anmyachev,YarShev,APPROVED,,2024-05-16T20:27:36Z
7264,anmyachev,YarShev,COMMENTED,,2024-05-16T20:28:01Z
7262,anmyachev,anmyachev,COMMENTED,,2024-05-14T10:14:20Z
7262,anmyachev,YarShev,COMMENTED,,2024-05-29T14:28:51Z
7262,anmyachev,sfc-gh-dpetersohn,COMMENTED,,2024-05-29T15:19:21Z
7262,anmyachev,YarShev,COMMENTED,,2024-05-29T15:29:39Z
7262,anmyachev,devin-petersohn,COMMENTED,,2024-05-29T15:37:40Z
7262,anmyachev,YarShev,COMMENTED,,2024-05-29T15:43:04Z
7262,anmyachev,anmyachev,COMMENTED,,2024-05-29T15:48:40Z
7262,anmyachev,YarShev,COMMENTED,,2024-05-29T15:52:33Z
7262,anmyachev,anmyachev,COMMENTED,,2024-05-29T15:54:28Z
7262,anmyachev,anmyachev,COMMENTED,,2024-05-29T15:54:46Z
7262,anmyachev,devin-petersohn,COMMENTED,,2024-05-29T15:55:34Z
7262,anmyachev,anmyachev,COMMENTED,,2024-05-29T16:04:18Z
7262,anmyachev,devin-petersohn,COMMENTED,,2024-05-29T16:33:10Z
7262,anmyachev,anmyachev,COMMENTED,,2024-05-29T17:47:25Z
7262,anmyachev,anmyachev,COMMENTED,,2024-05-29T17:49:38Z
7262,anmyachev,anmyachev,COMMENTED,,2024-05-29T17:51:07Z
7262,anmyachev,anmyachev,COMMENTED,,2024-05-29T18:33:47Z
7262,anmyachev,devin-petersohn,COMMENTED,,2024-05-29T18:43:16Z
7262,anmyachev,anmyachev,COMMENTED,,2024-05-31T10:10:00Z
7262,anmyachev,devin-petersohn,COMMENTED,,2024-05-31T20:59:30Z
7262,anmyachev,sfc-gh-dpetersohn,COMMENTED,,2024-06-05T21:11:20Z
7262,anmyachev,anmyachev,COMMENTED,,2024-06-05T21:28:52Z
7262,anmyachev,devin-petersohn,COMMENTED,,2024-06-06T16:00:41Z
7262,anmyachev,devin-petersohn,APPROVED,,2024-06-06T16:08:05Z
7262,anmyachev,anmyachev,COMMENTED,,2024-06-06T16:26:15Z
7261,anmyachev,YarShev,APPROVED,,2024-05-14T07:19:12Z
7259,arunjose696,github-advanced-security[bot],COMMENTED,,2024-05-13T18:57:12Z
7259,arunjose696,github-advanced-security[bot],COMMENTED,,2024-05-16T12:36:56Z
7259,arunjose696,YarShev,COMMENTED,,2024-05-16T14:17:03Z
7259,arunjose696,github-advanced-security[bot],COMMENTED,,2024-05-16T15:20:50Z
7259,arunjose696,YarShev,COMMENTED,,2024-05-16T17:22:56Z
7259,arunjose696,github-advanced-security[bot],COMMENTED,,2024-05-22T13:14:52Z
7259,arunjose696,devin-petersohn,COMMENTED,Great start on solving this problem! Is it possible to avoid so many of the test changes?,2024-05-22T15:36:14Z
7259,arunjose696,YarShev,COMMENTED,,2024-05-22T18:03:35Z
7259,arunjose696,devin-petersohn,COMMENTED,,2024-05-22T19:58:27Z
7259,arunjose696,YarShev,COMMENTED,,2024-05-22T20:27:17Z
7259,arunjose696,arunjose696,COMMENTED,,2024-05-23T11:10:03Z
7259,arunjose696,arunjose696,COMMENTED,,2024-05-23T11:10:19Z
7259,arunjose696,arunjose696,COMMENTED,,2024-05-23T11:10:40Z
7259,arunjose696,YarShev,COMMENTED,,2024-05-23T15:58:44Z
7259,arunjose696,github-advanced-security[bot],COMMENTED,,2024-05-23T16:01:52Z
7259,arunjose696,arunjose696,COMMENTED,,2024-05-23T20:54:09Z
7259,arunjose696,github-advanced-security[bot],COMMENTED,,2024-05-23T20:56:21Z
7259,arunjose696,devin-petersohn,COMMENTED,,2024-05-24T18:03:59Z
7259,arunjose696,YarShev,COMMENTED,,2024-05-27T07:12:40Z
7259,arunjose696,YarShev,COMMENTED,,2024-05-27T12:18:03Z
7259,arunjose696,anmyachev,COMMENTED,,2024-05-27T12:44:03Z
7259,arunjose696,anmyachev,COMMENTED,,2024-05-27T13:06:05Z
7259,arunjose696,arunjose696,COMMENTED,,2024-05-29T11:52:22Z
7259,arunjose696,github-advanced-security[bot],COMMENTED,,2024-05-29T11:53:40Z
7259,arunjose696,arunjose696,COMMENTED,,2024-05-29T11:56:45Z
7259,arunjose696,arunjose696,COMMENTED,,2024-05-29T11:57:15Z
7259,arunjose696,arunjose696,COMMENTED,,2024-05-29T11:58:17Z
7259,arunjose696,arunjose696,COMMENTED,,2024-05-29T14:18:24Z
7259,arunjose696,arunjose696,COMMENTED,,2024-05-29T14:19:38Z
7259,arunjose696,arunjose696,COMMENTED,,2024-05-29T14:23:32Z
7258,anmyachev,YarShev,APPROVED,,2024-05-13T13:29:23Z
7257,YarShev,github-advanced-security[bot],COMMENTED,,2024-05-13T09:29:34Z
7257,YarShev,anmyachev,COMMENTED,,2024-05-13T13:55:06Z
7257,YarShev,YarShev,COMMENTED,,2024-05-13T18:00:25Z
7257,YarShev,anmyachev,COMMENTED,,2024-05-14T13:48:40Z
7257,YarShev,YarShev,COMMENTED,,2024-05-14T13:50:23Z
7257,YarShev,YarShev,COMMENTED,,2024-05-14T13:50:34Z
7257,YarShev,anmyachev,COMMENTED,,2024-05-14T14:16:39Z
7257,YarShev,anmyachev,COMMENTED,,2024-05-14T14:17:19Z
7257,YarShev,YarShev,COMMENTED,,2024-05-14T14:25:37Z
7257,YarShev,YarShev,COMMENTED,,2024-05-14T14:25:40Z
7257,YarShev,YarShev,COMMENTED,,2024-05-14T14:57:49Z
7257,YarShev,YarShev,COMMENTED,,2024-05-14T14:57:57Z
7257,YarShev,anmyachev,COMMENTED,,2024-05-14T15:21:07Z
7257,YarShev,anmyachev,COMMENTED,,2024-05-14T15:21:55Z
7257,YarShev,YarShev,COMMENTED,,2024-05-14T15:47:53Z
7257,YarShev,YarShev,COMMENTED,,2024-05-14T15:51:56Z
7257,YarShev,anmyachev,COMMENTED,,2024-05-14T17:49:37Z
7257,YarShev,YarShev,COMMENTED,,2024-05-14T18:15:41Z
7257,YarShev,anmyachev,DISMISSED,,2024-05-14T18:48:53Z
7257,YarShev,anmyachev,APPROVED,,2024-05-14T20:16:41Z
7256,YarShev,anmyachev,APPROVED,,2024-05-13T09:55:12Z
7253,anmyachev,anmyachev,COMMENTED,,2024-05-12T13:55:52Z
7253,anmyachev,YarShev,APPROVED,,2024-05-13T07:52:30Z
7251,anmyachev,anmyachev,COMMENTED,,2024-05-10T19:41:14Z
7251,anmyachev,anmyachev,COMMENTED,,2024-05-12T16:32:54Z
7251,anmyachev,anmyachev,COMMENTED,,2024-05-12T16:34:32Z
7251,anmyachev,YarShev,COMMENTED,,2024-05-13T08:33:50Z
7251,anmyachev,YarShev,APPROVED,,2024-05-13T08:34:24Z
7247,anmyachev,YarShev,APPROVED,,2024-05-12T20:34:49Z
7245,Retribution98,anmyachev,COMMENTED,"@Retribution98 do you have any performance numbers?

It's also a good idea to add tests for the new operators, which now work a little differently.",2024-05-08T15:41:37Z
7245,Retribution98,Retribution98,COMMENTED,,2024-05-08T16:13:09Z
7245,Retribution98,anmyachev,COMMENTED,,2024-05-10T11:15:01Z
7245,Retribution98,anmyachev,COMMENTED,,2024-05-10T11:26:44Z
7245,Retribution98,YarShev,COMMENTED,,2024-05-13T13:43:22Z
7245,Retribution98,YarShev,COMMENTED,,2024-05-13T13:46:40Z
7245,Retribution98,Retribution98,COMMENTED,,2024-05-14T10:28:30Z
7245,Retribution98,Retribution98,COMMENTED,,2024-05-14T10:31:29Z
7245,Retribution98,anmyachev,APPROVED,,2024-05-14T10:36:11Z
7245,Retribution98,YarShev,APPROVED,,2024-05-14T11:11:21Z
7243,anmyachev,YarShev,COMMENTED,,2024-05-08T10:23:53Z
7243,anmyachev,anmyachev,COMMENTED,,2024-05-08T13:01:46Z
7243,anmyachev,anmyachev,COMMENTED,,2024-05-08T13:08:04Z
7243,anmyachev,anmyachev,COMMENTED,,2024-05-08T13:09:52Z
7243,anmyachev,anmyachev,COMMENTED,,2024-05-08T13:13:15Z
7243,anmyachev,anmyachev,COMMENTED,,2024-05-08T13:13:25Z
7243,anmyachev,YarShev,APPROVED,,2024-05-13T07:28:00Z
7241,anmyachev,anmyachev,COMMENTED,,2024-05-07T16:10:06Z
7241,anmyachev,YarShev,APPROVED,,2024-05-08T10:06:40Z
7239,anmyachev,YarShev,APPROVED,,2024-05-08T13:18:54Z
7237,anmyachev,anmyachev,COMMENTED,,2024-05-08T15:49:34Z
7237,anmyachev,anmyachev,COMMENTED,,2024-05-08T15:50:23Z
7237,anmyachev,anmyachev,COMMENTED,,2024-05-08T15:50:58Z
7237,anmyachev,YarShev,APPROVED,,2024-05-12T20:39:08Z
7237,anmyachev,YarShev,COMMENTED,,2024-05-12T20:40:29Z
7237,anmyachev,anmyachev,COMMENTED,,2024-05-12T21:03:03Z
7235,YarShev,anmyachev,COMMENTED,,2024-05-02T12:33:43Z
7235,YarShev,YarShev,COMMENTED,,2024-05-02T13:35:11Z
7235,YarShev,anmyachev,COMMENTED,,2024-05-02T14:06:36Z
7235,YarShev,YarShev,COMMENTED,,2024-05-02T14:53:15Z
7235,YarShev,YarShev,COMMENTED,,2024-05-02T14:55:40Z
7235,YarShev,anmyachev,APPROVED,,2024-05-02T15:07:50Z
7229,anmyachev,YarShev,COMMENTED,,2024-04-29T20:23:38Z
7229,anmyachev,anmyachev,COMMENTED,,2024-04-29T21:33:24Z
7229,anmyachev,YarShev,APPROVED,,2024-04-30T08:13:23Z
7228,anmyachev,YarShev,APPROVED,,2024-04-27T20:40:35Z
7226,anmyachev,AndreyPavlenko,DISMISSED,,2024-05-13T09:19:08Z
7226,anmyachev,YarShev,COMMENTED,,2024-05-13T14:15:46Z
7226,anmyachev,anmyachev,COMMENTED,,2024-05-13T14:26:29Z
7226,anmyachev,anmyachev,COMMENTED,,2024-05-13T14:28:36Z
7226,anmyachev,anmyachev,COMMENTED,,2024-05-13T14:28:43Z
7226,anmyachev,YarShev,COMMENTED,,2024-05-13T17:28:49Z
7226,anmyachev,anmyachev,COMMENTED,,2024-05-13T18:50:47Z
7226,anmyachev,anmyachev,COMMENTED,,2024-05-13T18:53:30Z
7226,anmyachev,YarShev,APPROVED,,2024-05-13T19:34:32Z
7225,noloerino,YarShev,COMMENTED,,2024-04-29T09:33:43Z
7225,noloerino,noloerino,COMMENTED,,2024-04-29T18:25:41Z
7225,noloerino,YarShev,APPROVED,,2024-04-30T08:29:22Z
7225,noloerino,YarShev,APPROVED,,2024-04-30T21:00:39Z
7222,anmyachev,YarShev,APPROVED,,2024-04-29T09:09:54Z
7220,anmyachev,YarShev,APPROVED,,2024-04-26T19:55:33Z
7218,YarShev,dchigarev,COMMENTED,,2024-04-26T10:22:20Z
7218,YarShev,YarShev,COMMENTED,,2024-04-26T10:37:21Z
7218,YarShev,dchigarev,APPROVED,,2024-04-26T13:23:43Z
7218,YarShev,anmyachev,APPROVED,,2024-04-26T13:31:14Z
7216,anmyachev,YarShev,COMMENTED,,2024-04-25T09:11:51Z
7216,anmyachev,YarShev,COMMENTED,,2024-04-25T10:29:53Z
7216,anmyachev,anmyachev,COMMENTED,,2024-04-25T10:45:10Z
7216,anmyachev,YarShev,APPROVED,,2024-04-25T13:30:06Z
7215,YarShev,anmyachev,COMMENTED,,2024-04-25T13:20:27Z
7215,YarShev,YarShev,COMMENTED,,2024-04-26T09:15:32Z
7215,YarShev,YarShev,COMMENTED,,2024-04-26T09:24:54Z
7215,YarShev,YarShev,COMMENTED,,2024-04-26T09:26:08Z
7215,YarShev,anmyachev,COMMENTED,,2024-04-29T14:09:00Z
7215,YarShev,anmyachev,COMMENTED,,2024-04-29T14:11:47Z
7215,YarShev,YarShev,COMMENTED,,2024-04-29T14:19:56Z
7215,YarShev,anmyachev,COMMENTED,,2024-04-29T15:03:02Z
7215,YarShev,anmyachev,COMMENTED,,2024-04-29T15:03:36Z
7215,YarShev,YarShev,COMMENTED,,2024-04-29T16:14:41Z
7215,YarShev,anmyachev,COMMENTED,,2024-04-29T17:47:02Z
7215,YarShev,YarShev,COMMENTED,,2024-04-29T21:22:32Z
7215,YarShev,anmyachev,COMMENTED,,2024-04-29T22:38:47Z
7215,YarShev,anmyachev,COMMENTED,,2024-04-29T22:40:33Z
7215,YarShev,anmyachev,APPROVED,,2024-04-29T22:40:35Z
7215,YarShev,YarShev,COMMENTED,,2024-04-30T07:57:39Z
7215,YarShev,YarShev,COMMENTED,,2024-04-30T07:58:28Z
7215,YarShev,anmyachev,COMMENTED,,2024-04-30T09:12:13Z
7215,YarShev,anmyachev,COMMENTED,,2024-04-30T09:12:16Z
7215,YarShev,anmyachev,COMMENTED,,2024-05-08T15:29:23Z
7215,YarShev,YarShev,COMMENTED,,2024-05-13T07:44:43Z
7214,noloerino,anmyachev,COMMENTED,,2024-04-24T14:43:25Z
7214,noloerino,noloerino,COMMENTED,,2024-04-24T22:19:58Z
7214,noloerino,anmyachev,APPROVED,Thanks @noloerino!,2024-04-25T12:21:37Z
7213,anmyachev,YarShev,APPROVED,,2024-04-23T15:44:07Z
7210,YarShev,AndreyPavlenko,DISMISSED,,2024-04-23T17:46:22Z
7210,YarShev,anmyachev,COMMENTED,,2024-04-25T10:37:29Z
7210,YarShev,anmyachev,COMMENTED,,2024-04-25T10:39:02Z
7210,YarShev,YarShev,COMMENTED,,2024-04-25T10:53:19Z
7210,YarShev,YarShev,COMMENTED,,2024-04-25T11:22:24Z
7210,YarShev,anmyachev,COMMENTED,,2024-04-25T12:08:20Z
7210,YarShev,YarShev,COMMENTED,,2024-04-26T10:34:22Z
7210,YarShev,YarShev,COMMENTED,,2024-04-26T14:47:42Z
7210,YarShev,anmyachev,APPROVED,LGTM!,2024-04-26T15:05:21Z
7209,arunjose696,YarShev,COMMENTED,,2024-04-22T11:02:58Z
7209,arunjose696,arunjose696,COMMENTED,,2024-04-22T12:10:09Z
7209,arunjose696,arunjose696,COMMENTED,,2024-04-22T14:21:13Z
7209,arunjose696,YarShev,COMMENTED,,2024-04-22T14:23:19Z
7209,arunjose696,YarShev,APPROVED,,2024-04-22T14:24:26Z
7208,sfc-gh-jkew,anmyachev,COMMENTED,,2024-04-22T13:19:13Z
7208,sfc-gh-jkew,sfc-gh-jkew,COMMENTED,,2024-04-22T16:01:42Z
7208,sfc-gh-jkew,anmyachev,COMMENTED,,2024-04-22T16:39:27Z
7208,sfc-gh-jkew,anmyachev,APPROVED,LGTM!,2024-04-22T16:39:37Z
7205,YarShev,YarShev,COMMENTED,,2024-04-22T15:34:34Z
7205,YarShev,anmyachev,DISMISSED,,2024-04-22T17:24:02Z
7205,YarShev,YarShev,COMMENTED,,2024-04-22T18:42:58Z
7205,YarShev,YarShev,COMMENTED,,2024-04-22T18:45:48Z
7205,YarShev,anmyachev,COMMENTED,,2024-04-22T18:55:37Z
7205,YarShev,anmyachev,COMMENTED,,2024-04-22T18:58:15Z
7205,YarShev,YarShev,COMMENTED,,2024-04-22T20:15:08Z
7205,YarShev,anmyachev,COMMENTED,,2024-04-23T10:41:33Z
7205,YarShev,YarShev,COMMENTED,,2024-04-23T11:01:13Z
7205,YarShev,anmyachev,APPROVED,,2024-04-23T11:07:26Z
7204,anmyachev,github-advanced-security[bot],COMMENTED,,2024-05-06T10:34:37Z
7204,anmyachev,github-advanced-security[bot],COMMENTED,,2024-05-06T19:14:44Z
7204,anmyachev,anmyachev,COMMENTED,,2024-05-13T14:19:01Z
7204,anmyachev,anmyachev,COMMENTED,,2024-05-13T21:25:09Z
7204,anmyachev,anmyachev,COMMENTED,,2024-05-13T23:12:48Z
7204,anmyachev,anmyachev,COMMENTED,,2024-05-13T23:36:12Z
7204,anmyachev,anmyachev,COMMENTED,,2024-05-14T11:06:39Z
7204,anmyachev,YarShev,COMMENTED,,2024-05-14T12:23:22Z
7204,anmyachev,YarShev,COMMENTED,,2024-05-14T12:36:18Z
7204,anmyachev,YarShev,COMMENTED,,2024-05-14T12:38:12Z
7204,anmyachev,YarShev,COMMENTED,,2024-05-14T12:39:41Z
7204,anmyachev,anmyachev,COMMENTED,,2024-05-14T13:56:41Z
7204,anmyachev,YarShev,COMMENTED,,2024-05-14T13:57:00Z
7204,anmyachev,anmyachev,COMMENTED,,2024-05-14T13:58:29Z
7204,anmyachev,anmyachev,COMMENTED,,2024-05-14T14:01:12Z
7204,anmyachev,anmyachev,COMMENTED,,2024-05-14T14:02:37Z
7204,anmyachev,anmyachev,COMMENTED,,2024-05-14T14:03:46Z
7204,anmyachev,anmyachev,COMMENTED,,2024-05-14T14:04:35Z
7204,anmyachev,anmyachev,COMMENTED,,2024-05-14T14:05:53Z
7204,anmyachev,anmyachev,COMMENTED,,2024-05-14T14:07:19Z
7204,anmyachev,anmyachev,COMMENTED,,2024-05-14T14:08:21Z
7204,anmyachev,anmyachev,COMMENTED,,2024-05-14T14:09:24Z
7204,anmyachev,anmyachev,COMMENTED,,2024-05-14T14:14:05Z
7204,anmyachev,anmyachev,COMMENTED,,2024-05-14T14:37:51Z
7204,anmyachev,YarShev,COMMENTED,,2024-05-14T15:54:48Z
7204,anmyachev,YarShev,COMMENTED,,2024-05-14T15:55:31Z
7204,anmyachev,YarShev,COMMENTED,,2024-05-14T15:57:17Z
7204,anmyachev,YarShev,COMMENTED,,2024-05-14T15:59:04Z
7204,anmyachev,YarShev,DISMISSED,LGTM! Left some minor comments.,2024-05-14T15:59:40Z
7204,anmyachev,YarShev,APPROVED,,2024-05-14T18:17:28Z
7200,anmyachev,YarShev,APPROVED,,2024-04-18T19:18:21Z
7199,anmyachev,anmyachev,COMMENTED,,2024-04-19T12:53:33Z
7199,anmyachev,YarShev,COMMENTED,,2024-04-22T13:39:41Z
7199,anmyachev,anmyachev,COMMENTED,,2024-04-22T16:58:40Z
7199,anmyachev,YarShev,APPROVED,,2024-04-22T18:46:58Z
7198,YarShev,anmyachev,APPROVED,,2024-04-18T11:21:49Z
7197,YarShev,YarShev,COMMENTED,,2024-04-17T15:02:13Z
7197,YarShev,anmyachev,APPROVED,,2024-04-18T11:24:14Z
7196,anmyachev,github-advanced-security[bot],COMMENTED,,2024-04-17T13:18:43Z
7194,arunjose696,anmyachev,COMMENTED,,2024-04-17T09:18:04Z
7194,arunjose696,arunjose696,COMMENTED,,2024-04-17T09:34:57Z
7194,arunjose696,YarShev,APPROVED,,2024-04-17T12:32:43Z
7194,arunjose696,anmyachev,APPROVED,,2024-04-17T12:53:51Z
7193,anmyachev,YarShev,APPROVED,,2024-04-17T12:34:45Z
7190,anmyachev,anmyachev,COMMENTED,,2024-04-16T18:47:49Z
7190,anmyachev,anmyachev,COMMENTED,,2024-04-16T18:50:13Z
7190,anmyachev,anmyachev,COMMENTED,,2024-04-16T18:51:40Z
7190,anmyachev,anmyachev,COMMENTED,,2024-04-16T19:11:40Z
7190,anmyachev,anmyachev,COMMENTED,,2024-04-16T19:12:32Z
7190,anmyachev,YarShev,APPROVED,,2024-04-16T20:39:17Z
7189,anmyachev,YarShev,APPROVED,,2024-04-16T20:57:21Z
7188,YarShev,YarShev,COMMENTED,,2024-04-16T16:16:32Z
7188,YarShev,anmyachev,COMMENTED,,2024-04-16T18:00:42Z
7188,YarShev,anmyachev,COMMENTED,,2024-04-16T18:14:27Z
7188,YarShev,anmyachev,COMMENTED,,2024-04-16T18:17:31Z
7188,YarShev,YarShev,COMMENTED,,2024-04-16T20:31:48Z
7188,YarShev,YarShev,COMMENTED,,2024-04-16T20:32:14Z
7188,YarShev,anmyachev,APPROVED,,2024-04-16T20:46:07Z
7184,arunjose696,anmyachev,APPROVED,,2024-04-18T13:57:39Z
7183,anmyachev,YarShev,APPROVED,,2024-04-15T17:10:44Z
7181,anmyachev,YarShev,APPROVED,,2024-04-15T12:14:38Z
7179,anmyachev,github-advanced-security[bot],COMMENTED,,2024-04-13T16:17:43Z
7179,anmyachev,YarShev,APPROVED,,2024-04-15T12:13:51Z
7177,anmyachev,github-advanced-security[bot],COMMENTED,,2024-04-11T23:34:06Z
7177,anmyachev,github-advanced-security[bot],COMMENTED,,2024-04-12T17:11:35Z
7177,anmyachev,YarShev,APPROVED,,2024-04-15T10:26:12Z
7176,sfc-gh-mvashishtha,anmyachev,APPROVED,,2024-04-11T23:26:54Z
7175,sfc-gh-mvashishtha,YarShev,APPROVED,,2024-04-11T22:01:50Z
7174,anmyachev,YarShev,APPROVED,,2024-04-12T08:29:52Z
7172,YarShev,anmyachev,COMMENTED,,2024-04-11T10:40:22Z
7172,YarShev,YarShev,COMMENTED,,2024-04-11T10:45:06Z
7172,YarShev,anmyachev,COMMENTED,,2024-04-11T10:55:22Z
7172,YarShev,YarShev,COMMENTED,,2024-04-11T11:28:31Z
7172,YarShev,anmyachev,APPROVED,,2024-04-11T11:41:48Z
7169,dchigarev,YarShev,COMMENTED,,2024-04-15T11:48:02Z
7169,dchigarev,dchigarev,COMMENTED,,2024-04-15T11:51:06Z
7169,dchigarev,dchigarev,COMMENTED,,2024-04-15T11:51:56Z
7169,dchigarev,YarShev,APPROVED,,2024-04-15T12:03:54Z
7168,anmyachev,YarShev,COMMENTED,,2024-04-11T08:24:18Z
7168,anmyachev,anmyachev,COMMENTED,,2024-04-11T10:35:38Z
7168,anmyachev,anmyachev,COMMENTED,,2024-04-11T10:49:52Z
7168,anmyachev,YarShev,APPROVED,,2024-04-11T11:46:44Z
7167,anmyachev,YarShev,COMMENTED,,2024-04-10T15:44:15Z
7167,anmyachev,anmyachev,COMMENTED,,2024-04-10T16:26:14Z
7167,anmyachev,YarShev,APPROVED,,2024-04-11T08:17:07Z
7161,dchigarev,dchigarev,COMMENTED,,2024-04-10T19:21:59Z
7161,dchigarev,anmyachev,APPROVED,LGTM!,2024-04-11T12:25:22Z
7161,dchigarev,YarShev,APPROVED,,2024-04-11T12:48:16Z
7160,anmyachev,anmyachev,COMMENTED,,2024-04-09T16:42:05Z
7160,anmyachev,anmyachev,COMMENTED,,2024-04-09T16:43:25Z
7160,anmyachev,anmyachev,COMMENTED,,2024-04-09T16:46:04Z
7160,anmyachev,YarShev,COMMENTED,,2024-04-09T21:02:56Z
7160,anmyachev,anmyachev,COMMENTED,,2024-04-10T12:16:00Z
7160,anmyachev,anmyachev,COMMENTED,,2024-04-10T12:16:04Z
7160,anmyachev,YarShev,APPROVED,,2024-04-10T15:51:20Z
7159,anmyachev,YarShev,APPROVED,,2024-04-09T11:56:16Z
7158,anmyachev,anmyachev,COMMENTED,,2024-04-09T11:18:26Z
7158,anmyachev,YarShev,APPROVED,,2024-04-09T13:52:58Z
7155,arunjose696,YarShev,COMMENTED,,2024-04-09T14:13:11Z
7155,arunjose696,arunjose696,COMMENTED,,2024-04-10T07:51:41Z
7155,arunjose696,arunjose696,COMMENTED,,2024-04-10T07:52:09Z
7155,arunjose696,YarShev,COMMENTED,,2024-04-10T11:05:46Z
7155,arunjose696,YarShev,APPROVED,,2024-04-10T16:17:42Z
7154,anmyachev,github-advanced-security[bot],COMMENTED,,2024-04-05T22:07:22Z
7154,anmyachev,YarShev,APPROVED,,2024-04-09T20:12:25Z
7152,arunjose696,anmyachev,COMMENTED,,2024-04-08T11:19:57Z
7152,arunjose696,YarShev,COMMENTED,,2024-04-08T12:13:01Z
7152,arunjose696,arunjose696,COMMENTED,,2024-04-08T13:07:04Z
7152,arunjose696,arunjose696,COMMENTED,,2024-04-08T13:12:18Z
7152,arunjose696,arunjose696,COMMENTED,,2024-04-08T13:20:58Z
7152,arunjose696,anmyachev,COMMENTED,,2024-04-08T13:38:26Z
7152,arunjose696,anmyachev,COMMENTED,,2024-04-08T13:40:45Z
7152,arunjose696,arunjose696,COMMENTED,,2024-04-10T10:14:04Z
7152,arunjose696,arunjose696,COMMENTED,,2024-04-10T10:14:12Z
7152,arunjose696,arunjose696,COMMENTED,,2024-04-10T10:14:22Z
7152,arunjose696,arunjose696,COMMENTED,,2024-04-10T10:23:19Z
7152,arunjose696,YarShev,COMMENTED,,2024-04-10T10:51:53Z
7152,arunjose696,YarShev,COMMENTED,,2024-04-10T10:57:11Z
7152,arunjose696,arunjose696,COMMENTED,,2024-04-10T11:20:16Z
7152,arunjose696,arunjose696,COMMENTED,,2024-04-10T12:24:07Z
7152,arunjose696,YarShev,APPROVED,,2024-04-10T15:49:28Z
7152,arunjose696,YarShev,DISMISSED,,2024-04-11T12:57:59Z
7152,arunjose696,anmyachev,COMMENTED,,2024-04-11T13:11:13Z
7152,arunjose696,anmyachev,COMMENTED,,2024-04-11T13:12:25Z
7152,arunjose696,anmyachev,COMMENTED,,2024-04-11T13:24:48Z
7152,arunjose696,arunjose696,COMMENTED,,2024-04-11T13:46:26Z
7152,arunjose696,anmyachev,APPROVED,LGTM!,2024-04-11T19:11:27Z
7149,anmyachev,YarShev,COMMENTED,,2024-04-08T11:50:41Z
7149,anmyachev,YarShev,COMMENTED,,2024-04-08T11:51:17Z
7149,anmyachev,anmyachev,COMMENTED,,2024-04-08T11:59:05Z
7149,anmyachev,anmyachev,COMMENTED,,2024-04-08T12:04:21Z
7149,anmyachev,YarShev,APPROVED,,2024-04-08T12:08:00Z
7149,anmyachev,YarShev,COMMENTED,,2024-04-08T12:09:31Z
7149,anmyachev,anmyachev,COMMENTED,,2024-04-08T13:29:02Z
7149,anmyachev,arunjose696,COMMENTED,,2024-04-08T14:45:15Z
7147,anmyachev,github-advanced-security[bot],COMMENTED,,2024-04-03T17:49:26Z
7147,anmyachev,YarShev,COMMENTED,,2024-04-03T19:38:33Z
7147,anmyachev,anmyachev,COMMENTED,,2024-04-04T10:23:06Z
7147,anmyachev,anmyachev,COMMENTED,,2024-04-04T10:25:29Z
7147,anmyachev,YarShev,APPROVED,,2024-04-04T13:02:11Z
7145,anmyachev,YarShev,APPROVED,,2024-04-03T17:04:34Z
7142,dchigarev,dchigarev,COMMENTED,,2024-04-02T14:38:46Z
7142,dchigarev,anmyachev,COMMENTED,,2024-04-02T18:42:33Z
7142,dchigarev,dchigarev,COMMENTED,,2024-04-03T08:00:14Z
7142,dchigarev,AndreyPavlenko,COMMENTED,,2024-04-03T08:33:53Z
7142,dchigarev,anmyachev,COMMENTED,,2024-04-03T10:33:10Z
7142,dchigarev,AndreyPavlenko,COMMENTED,,2024-04-03T15:56:41Z
7142,dchigarev,dchigarev,COMMENTED,,2024-04-03T16:24:24Z
7142,dchigarev,dchigarev,COMMENTED,,2024-04-03T17:49:07Z
7142,dchigarev,anmyachev,COMMENTED,,2024-04-03T19:00:09Z
7142,dchigarev,anmyachev,DISMISSED,,2024-04-03T19:00:21Z
7142,dchigarev,AndreyPavlenko,COMMENTED,,2024-04-03T19:36:00Z
7142,dchigarev,dchigarev,COMMENTED,,2024-04-03T19:37:44Z
7142,dchigarev,AndreyPavlenko,COMMENTED,,2024-04-03T19:42:21Z
7142,dchigarev,AndreyPavlenko,COMMENTED,,2024-04-04T12:07:46Z
7142,dchigarev,dchigarev,COMMENTED,,2024-04-04T13:59:53Z
7142,dchigarev,anmyachev,APPROVED,LGTM! @AndreyPavlenko any more comments?,2024-04-04T18:00:55Z
7142,dchigarev,AndreyPavlenko,COMMENTED,,2024-04-04T18:11:20Z
7142,dchigarev,AndreyPavlenko,APPROVED,,2024-04-04T18:11:40Z
7140,dchigarev,github-advanced-security[bot],COMMENTED,,2024-04-02T12:22:09Z
7140,dchigarev,dchigarev,COMMENTED,,2024-04-03T08:33:19Z
7140,dchigarev,dchigarev,COMMENTED,,2024-04-03T09:43:07Z
7140,dchigarev,dchigarev,COMMENTED,,2024-04-03T18:27:19Z
7140,dchigarev,dchigarev,COMMENTED,,2024-04-03T18:27:38Z
7140,dchigarev,dchigarev,COMMENTED,,2024-04-03T18:35:17Z
7140,dchigarev,YarShev,COMMENTED,,2024-04-04T13:45:16Z
7140,dchigarev,YarShev,COMMENTED,,2024-04-04T13:45:54Z
7140,dchigarev,dchigarev,COMMENTED,,2024-04-04T13:49:28Z
7140,dchigarev,dchigarev,COMMENTED,,2024-04-04T13:50:41Z
7140,dchigarev,dchigarev,COMMENTED,,2024-04-04T13:51:16Z
7140,dchigarev,dchigarev,COMMENTED,,2024-04-04T13:52:22Z
7140,dchigarev,dchigarev,COMMENTED,,2024-04-04T13:53:11Z
7140,dchigarev,YarShev,APPROVED,,2024-04-04T14:38:12Z
7137,anmyachev,YarShev,DISMISSED,LGTM! Just left one question.,2024-04-08T11:45:04Z
7137,anmyachev,anmyachev,COMMENTED,,2024-04-08T22:02:38Z
7137,anmyachev,YarShev,APPROVED,,2024-04-09T11:11:25Z
7136,Retribution98,YarShev,COMMENTED,,2024-03-28T13:34:49Z
7136,Retribution98,YarShev,COMMENTED,,2024-03-28T13:38:19Z
7136,Retribution98,dchigarev,COMMENTED,,2024-03-28T14:26:50Z
7136,Retribution98,YarShev,COMMENTED,,2024-03-28T14:29:57Z
7136,Retribution98,Retribution98,COMMENTED,,2024-03-28T14:48:59Z
7136,Retribution98,YarShev,COMMENTED,,2024-03-28T15:48:56Z
7136,Retribution98,github-advanced-security[bot],COMMENTED,,2024-04-04T14:39:56Z
7136,Retribution98,github-advanced-security[bot],COMMENTED,,2024-04-04T16:13:58Z
7136,Retribution98,Retribution98,COMMENTED,,2024-04-10T11:39:13Z
7136,Retribution98,arunjose696,COMMENTED,,2024-04-11T14:16:31Z
7136,Retribution98,arunjose696,COMMENTED,,2024-04-11T14:16:37Z
7136,Retribution98,arunjose696,COMMENTED,,2024-04-11T14:25:39Z
7136,Retribution98,arunjose696,COMMENTED,,2024-04-11T14:45:13Z
7136,Retribution98,Retribution98,COMMENTED,,2024-04-11T16:06:05Z
7136,Retribution98,Retribution98,COMMENTED,,2024-04-11T16:39:23Z
7136,Retribution98,Retribution98,COMMENTED,,2024-04-11T17:00:42Z
7136,Retribution98,Retribution98,COMMENTED,,2024-04-11T17:01:00Z
7136,Retribution98,YarShev,COMMENTED,,2024-04-15T12:06:57Z
7136,Retribution98,YarShev,COMMENTED,,2024-04-16T11:21:08Z
7136,Retribution98,anmyachev,COMMENTED,,2024-04-16T15:12:57Z
7136,Retribution98,Retribution98,COMMENTED,,2024-04-17T12:54:50Z
7136,Retribution98,Retribution98,COMMENTED,,2024-04-17T12:59:21Z
7136,Retribution98,Retribution98,COMMENTED,,2024-04-17T13:16:29Z
7136,Retribution98,Retribution98,COMMENTED,,2024-04-17T13:21:27Z
7136,Retribution98,Retribution98,COMMENTED,,2024-04-17T13:21:44Z
7136,Retribution98,anmyachev,COMMENTED,,2024-04-17T13:41:03Z
7136,Retribution98,Retribution98,COMMENTED,,2024-04-17T13:46:03Z
7136,Retribution98,anmyachev,COMMENTED,,2024-04-22T13:05:55Z
7136,Retribution98,anmyachev,COMMENTED,,2024-04-22T16:14:53Z
7136,Retribution98,YarShev,COMMENTED,,2024-04-24T13:09:44Z
7133,YarShev,dchigarev,COMMENTED,,2024-03-28T12:00:36Z
7133,YarShev,anmyachev,APPROVED,,2024-03-28T13:27:54Z
7131,YarShev,anmyachev,COMMENTED,,2024-03-27T19:47:34Z
7131,YarShev,YarShev,COMMENTED,,2024-03-27T20:03:41Z
7131,YarShev,anmyachev,COMMENTED,,2024-03-27T20:08:11Z
7131,YarShev,anmyachev,COMMENTED,,2024-03-27T20:10:00Z
7131,YarShev,YarShev,COMMENTED,,2024-03-27T20:16:03Z
7131,YarShev,anmyachev,COMMENTED,,2024-03-27T20:27:13Z
7131,YarShev,YarShev,COMMENTED,,2024-03-27T20:30:43Z
7131,YarShev,anmyachev,COMMENTED,,2024-03-27T21:15:37Z
7131,YarShev,anmyachev,APPROVED,,2024-03-27T21:20:21Z
7131,YarShev,YarShev,COMMENTED,,2024-03-27T21:25:34Z
7129,anmyachev,YarShev,APPROVED,,2024-03-27T17:08:27Z
7129,anmyachev,sfc-gh-dpetersohn,APPROVED,,2024-03-29T18:43:42Z
7129,anmyachev,devin-petersohn,APPROVED,LGTM,2024-03-29T18:45:19Z
7127,Retribution98,anmyachev,APPROVED,,2024-03-26T11:48:23Z
7126,dchigarev,YarShev,DISMISSED,,2024-03-26T15:59:40Z
7126,dchigarev,YarShev,COMMENTED,,2024-03-26T16:44:59Z
7126,dchigarev,dchigarev,COMMENTED,,2024-03-26T16:51:16Z
7126,dchigarev,dchigarev,COMMENTED,,2024-03-26T16:52:34Z
7126,dchigarev,YarShev,APPROVED,,2024-03-26T21:31:35Z
7124,YarShev,dchigarev,APPROVED,,2024-03-26T09:53:29Z
7120,dchigarev,dchigarev,COMMENTED,,2024-03-28T10:28:16Z
7120,dchigarev,dchigarev,COMMENTED,,2024-03-28T10:30:10Z
7120,dchigarev,dchigarev,COMMENTED,,2024-03-28T10:31:22Z
7120,dchigarev,YarShev,APPROVED,,2024-04-02T16:12:39Z
7116,YarShev,dchigarev,APPROVED,,2024-03-25T13:29:25Z
7114,arunjose696,YarShev,DISMISSED,,2024-03-25T12:34:51Z
7114,arunjose696,YarShev,APPROVED,,2024-03-25T19:28:19Z
7112,AndreyPavlenko,dchigarev,COMMENTED,,2024-03-21T15:20:32Z
7112,AndreyPavlenko,dchigarev,COMMENTED,,2024-03-21T15:25:02Z
7112,AndreyPavlenko,AndreyPavlenko,COMMENTED,,2024-03-21T17:04:30Z
7112,AndreyPavlenko,YarShev,COMMENTED,,2024-03-21T19:58:23Z
7112,AndreyPavlenko,AndreyPavlenko,COMMENTED,,2024-03-21T20:02:14Z
7112,AndreyPavlenko,AndreyPavlenko,COMMENTED,,2024-03-21T20:03:32Z
7112,AndreyPavlenko,YarShev,DISMISSED,"LGTM! Take a look at my comment, which is not answered yet.",2024-03-21T20:26:32Z
7112,AndreyPavlenko,AndreyPavlenko,COMMENTED,,2024-03-21T23:38:35Z
7112,AndreyPavlenko,dchigarev,COMMENTED,,2024-03-22T07:53:03Z
7112,AndreyPavlenko,dchigarev,COMMENTED,,2024-03-22T07:53:43Z
7112,AndreyPavlenko,dchigarev,COMMENTED,,2024-03-22T08:32:36Z
7112,AndreyPavlenko,dchigarev,COMMENTED,,2024-03-22T08:35:41Z
7112,AndreyPavlenko,YarShev,COMMENTED,,2024-03-22T09:04:41Z
7112,AndreyPavlenko,AndreyPavlenko,COMMENTED,,2024-03-22T14:36:30Z
7112,AndreyPavlenko,AndreyPavlenko,COMMENTED,,2024-03-22T15:08:46Z
7112,AndreyPavlenko,AndreyPavlenko,COMMENTED,,2024-03-22T15:17:36Z
7112,AndreyPavlenko,AndreyPavlenko,COMMENTED,,2024-03-22T15:22:28Z
7112,AndreyPavlenko,arunjose696,COMMENTED,,2024-03-25T08:06:39Z
7112,AndreyPavlenko,AndreyPavlenko,COMMENTED,,2024-03-25T18:50:34Z
7112,AndreyPavlenko,YarShev,COMMENTED,,2024-03-25T19:21:51Z
7112,AndreyPavlenko,AndreyPavlenko,COMMENTED,,2024-03-25T19:24:14Z
7112,AndreyPavlenko,YarShev,COMMENTED,,2024-04-02T14:13:53Z
7112,AndreyPavlenko,AndreyPavlenko,COMMENTED,,2024-04-02T14:17:36Z
7112,AndreyPavlenko,YarShev,COMMENTED,,2024-04-02T14:17:47Z
7112,AndreyPavlenko,YarShev,COMMENTED,,2024-04-02T14:18:34Z
7112,AndreyPavlenko,YarShev,DISMISSED,,2024-04-02T14:18:39Z
7112,AndreyPavlenko,AndreyPavlenko,COMMENTED,,2024-04-02T14:22:23Z
7112,AndreyPavlenko,YarShev,COMMENTED,,2024-04-02T14:52:44Z
7112,AndreyPavlenko,dchigarev,DISMISSED,,2024-04-02T15:12:45Z
7112,AndreyPavlenko,YarShev,COMMENTED,,2024-04-02T16:15:19Z
7110,Retribution98,YarShev,COMMENTED,,2024-03-20T13:47:37Z
7110,Retribution98,Retribution98,COMMENTED,,2024-03-20T13:50:20Z
7110,Retribution98,YarShev,APPROVED,,2024-03-20T13:55:48Z
7110,Retribution98,anmyachev,COMMENTED,,2024-03-26T11:31:57Z
7107,Retribution98,github-advanced-security[bot],COMMENTED,,2024-03-19T14:15:57Z
7107,Retribution98,YarShev,COMMENTED,,2024-03-19T16:44:05Z
7107,Retribution98,YarShev,APPROVED,,2024-03-19T16:44:30Z
7101,dchigarev,dchigarev,COMMENTED,,2024-03-18T11:58:03Z
7101,dchigarev,dchigarev,COMMENTED,,2024-03-18T12:46:38Z
7101,dchigarev,YarShev,COMMENTED,,2024-03-19T10:45:02Z
7101,dchigarev,YarShev,COMMENTED,,2024-03-19T10:46:43Z
7101,dchigarev,dchigarev,COMMENTED,,2024-03-19T10:47:31Z
7101,dchigarev,dchigarev,COMMENTED,,2024-03-19T10:52:01Z
7101,dchigarev,YarShev,APPROVED,,2024-03-19T11:34:14Z
7099,arunjose696,YarShev,COMMENTED,What about other places where we inherit from ClassLogger?,2024-03-18T12:44:04Z
7099,arunjose696,YarShev,COMMENTED,There are still the places we inherit from ClassLogger. Please recheck.,2024-03-18T13:20:26Z
7099,arunjose696,YarShev,COMMENTED,,2024-03-20T09:32:40Z
7099,arunjose696,YarShev,APPROVED,,2024-03-20T09:33:16Z
7095,anmyachev,YarShev,APPROVED,,2024-03-14T22:51:43Z
7091,dchigarev,dchigarev,COMMENTED,,2024-03-13T13:26:35Z
7091,dchigarev,dchigarev,COMMENTED,,2024-03-13T13:30:23Z
7091,dchigarev,dchigarev,COMMENTED,,2024-03-13T15:41:56Z
7091,dchigarev,arunjose696,COMMENTED,,2024-03-18T09:12:03Z
7091,dchigarev,dchigarev,COMMENTED,,2024-03-18T09:15:01Z
7091,dchigarev,arunjose696,COMMENTED,,2024-03-18T09:22:54Z
7091,dchigarev,dchigarev,COMMENTED,,2024-03-18T09:34:09Z
7091,dchigarev,arunjose696,COMMENTED,,2024-03-18T10:03:12Z
7091,dchigarev,dchigarev,COMMENTED,,2024-03-18T10:59:56Z
7091,dchigarev,arunjose696,COMMENTED,,2024-03-18T11:23:17Z
7091,dchigarev,YarShev,COMMENTED,,2024-03-19T10:12:27Z
7091,dchigarev,dchigarev,COMMENTED,,2024-03-19T10:18:20Z
7091,dchigarev,dchigarev,COMMENTED,,2024-03-19T10:21:30Z
7091,dchigarev,dchigarev,COMMENTED,,2024-03-19T10:22:26Z
7091,dchigarev,dchigarev,COMMENTED,,2024-03-19T10:23:07Z
7091,dchigarev,dchigarev,COMMENTED,,2024-03-19T10:25:20Z
7091,dchigarev,dchigarev,COMMENTED,,2024-03-19T10:28:00Z
7091,dchigarev,YarShev,COMMENTED,,2024-03-19T10:32:19Z
7091,dchigarev,dchigarev,COMMENTED,,2024-03-19T10:35:26Z
7091,dchigarev,YarShev,COMMENTED,,2024-03-19T10:37:18Z
7091,dchigarev,dchigarev,COMMENTED,,2024-03-19T10:44:23Z
7091,dchigarev,YarShev,COMMENTED,,2024-03-19T11:37:54Z
7091,dchigarev,dchigarev,COMMENTED,,2024-03-19T11:42:39Z
7091,dchigarev,dchigarev,COMMENTED,,2024-03-19T11:48:54Z
7091,dchigarev,YarShev,COMMENTED,,2024-03-19T11:52:46Z
7091,dchigarev,YarShev,APPROVED,,2024-03-19T11:53:00Z
7089,anmyachev,YarShev,COMMENTED,,2024-03-13T14:02:28Z
7089,anmyachev,YarShev,APPROVED,,2024-03-13T14:28:16Z
7087,anmyachev,YarShev,APPROVED,,2024-03-13T15:00:32Z
7085,anmyachev,anmyachev,COMMENTED,,2024-03-13T12:14:28Z
7085,anmyachev,YarShev,APPROVED,,2024-03-13T14:17:12Z
7083,anmyachev,YarShev,APPROVED,,2024-03-13T14:14:02Z
7079,arunjose696,YarShev,COMMENTED,,2024-03-13T08:52:31Z
7079,arunjose696,arunjose696,COMMENTED,,2024-03-14T13:39:00Z
7079,arunjose696,arunjose696,COMMENTED,,2024-03-14T13:44:42Z
7079,arunjose696,YarShev,COMMENTED,,2024-03-14T14:02:37Z
7079,arunjose696,arunjose696,COMMENTED,,2024-03-14T15:35:21Z
7079,arunjose696,YarShev,APPROVED,,2024-03-14T16:28:52Z
7077,anmyachev,YarShev,COMMENTED,,2024-03-13T08:57:03Z
7077,anmyachev,YarShev,COMMENTED,,2024-03-13T08:57:14Z
7077,anmyachev,YarShev,COMMENTED,,2024-03-13T08:57:24Z
7077,anmyachev,YarShev,COMMENTED,,2024-03-13T08:57:59Z
7077,anmyachev,anmyachev,COMMENTED,,2024-03-13T09:52:47Z
7077,anmyachev,anmyachev,COMMENTED,,2024-03-13T10:52:21Z
7077,anmyachev,anmyachev,COMMENTED,,2024-03-13T10:52:30Z
7077,anmyachev,YarShev,APPROVED,,2024-03-13T15:57:31Z
7075,AndreyPavlenko,anmyachev,COMMENTED,,2024-03-12T23:28:42Z
7075,AndreyPavlenko,AndreyPavlenko,COMMENTED,,2024-03-12T23:33:40Z
7075,AndreyPavlenko,AndreyPavlenko,COMMENTED,,2024-03-12T23:41:37Z
7075,AndreyPavlenko,AndreyPavlenko,COMMENTED,,2024-03-13T00:19:19Z
7075,AndreyPavlenko,AndreyPavlenko,COMMENTED,,2024-03-13T00:22:39Z
7075,AndreyPavlenko,YarShev,COMMENTED,,2024-03-13T09:12:19Z
7075,AndreyPavlenko,YarShev,COMMENTED,,2024-03-13T09:20:15Z
7075,AndreyPavlenko,dchigarev,COMMENTED,,2024-03-13T09:55:28Z
7075,AndreyPavlenko,AndreyPavlenko,COMMENTED,,2024-03-13T12:03:32Z
7075,AndreyPavlenko,YarShev,DISMISSED,,2024-03-13T13:27:35Z
7075,AndreyPavlenko,anmyachev,COMMENTED,,2024-03-13T14:48:42Z
7075,AndreyPavlenko,AndreyPavlenko,COMMENTED,,2024-03-13T14:51:38Z
7075,AndreyPavlenko,anmyachev,COMMENTED,,2024-03-13T15:02:17Z
7075,AndreyPavlenko,anmyachev,COMMENTED,,2024-03-13T15:05:55Z
7075,AndreyPavlenko,anmyachev,COMMENTED,,2024-03-13T15:06:18Z
7075,AndreyPavlenko,anmyachev,COMMENTED,,2024-03-13T15:06:34Z
7075,AndreyPavlenko,AndreyPavlenko,COMMENTED,,2024-03-13T15:47:52Z
7075,AndreyPavlenko,anmyachev,COMMENTED,,2024-03-13T16:29:34Z
7075,AndreyPavlenko,dchigarev,COMMENTED,,2024-03-13T16:56:28Z
7075,AndreyPavlenko,dchigarev,COMMENTED,,2024-03-13T17:00:00Z
7075,AndreyPavlenko,AndreyPavlenko,COMMENTED,,2024-03-13T18:15:08Z
7075,AndreyPavlenko,AndreyPavlenko,COMMENTED,,2024-03-13T18:40:25Z
7075,AndreyPavlenko,anmyachev,APPROVED,,2024-03-13T18:42:52Z
7075,AndreyPavlenko,YarShev,APPROVED,,2024-03-13T18:47:39Z
7075,AndreyPavlenko,dchigarev,APPROVED,,2024-03-14T08:45:18Z
7074,anmyachev,anmyachev,COMMENTED,,2024-03-12T20:07:09Z
7074,anmyachev,YarShev,APPROVED,,2024-03-13T09:04:57Z
7071,anmyachev,dchigarev,APPROVED,,2024-03-13T09:58:21Z
7069,YarShev,dchigarev,COMMENTED,,2024-03-12T14:50:43Z
7069,YarShev,YarShev,COMMENTED,,2024-03-12T14:58:55Z
7069,YarShev,anmyachev,COMMENTED,,2024-03-14T17:29:48Z
7069,YarShev,YarShev,COMMENTED,,2024-03-14T22:58:40Z
7069,YarShev,dchigarev,COMMENTED,,2024-03-15T07:07:17Z
7069,YarShev,dchigarev,COMMENTED,,2024-03-15T13:06:22Z
7069,YarShev,github-advanced-security[bot],COMMENTED,,2024-03-15T13:06:52Z
7069,YarShev,YarShev,COMMENTED,,2024-03-15T13:09:08Z
7069,YarShev,YarShev,COMMENTED,,2024-03-15T13:30:21Z
7069,YarShev,dchigarev,APPROVED,,2024-03-15T13:31:49Z
7069,YarShev,anmyachev,COMMENTED,,2024-03-15T13:56:55Z
7069,YarShev,YarShev,COMMENTED,,2024-03-15T13:58:17Z
7067,anmyachev,YarShev,COMMENTED,,2024-03-12T15:31:26Z
7067,anmyachev,anmyachev,COMMENTED,,2024-03-12T15:43:42Z
7067,anmyachev,anmyachev,COMMENTED,,2024-03-12T16:26:13Z
7067,anmyachev,YarShev,COMMENTED,,2024-03-12T19:16:25Z
7067,anmyachev,anmyachev,COMMENTED,,2024-03-12T19:49:07Z
7067,anmyachev,YarShev,APPROVED,,2024-03-12T20:46:03Z
7065,anmyachev,YarShev,COMMENTED,,2024-03-12T16:12:36Z
7065,anmyachev,YarShev,COMMENTED,,2024-03-12T16:13:48Z
7065,anmyachev,YarShev,COMMENTED,,2024-03-12T16:14:30Z
7065,anmyachev,anmyachev,COMMENTED,,2024-03-12T16:29:53Z
7065,anmyachev,anmyachev,COMMENTED,,2024-03-12T16:34:53Z
7065,anmyachev,anmyachev,COMMENTED,,2024-03-12T17:34:03Z
7065,anmyachev,YarShev,COMMENTED,,2024-03-12T19:18:45Z
7065,anmyachev,anmyachev,COMMENTED,,2024-03-12T19:50:25Z
7065,anmyachev,YarShev,APPROVED,,2024-03-12T20:46:58Z
7063,anmyachev,YarShev,APPROVED,,2024-03-12T12:24:58Z
7061,anmyachev,anmyachev,COMMENTED,,2024-03-12T12:39:18Z
7061,anmyachev,YarShev,APPROVED,,2024-03-12T14:41:08Z
7059,anmyachev,YarShev,APPROVED,,2024-03-12T12:26:15Z
7059,anmyachev,dchigarev,APPROVED,,2024-03-12T12:32:54Z
7057,anmyachev,YarShev,APPROVED,,2024-03-12T11:54:55Z
